datetime,SURF_TEMP_C,SURF_SAL_PSU,Temp,Chl1,Chl2,Avg_Chloro,Phaeo1,Phaeo2,Avg_Phaeo,Phosphate,Silicate,Nitrite,Ammonium,Total_Phytoplankton,hab_RT_status,WSPD_073,air_temp_073,WSPD_46225,air_temp_46225
2008-08-19,23.014285714285712,33.66142857142857,22.4,2.37,2.44,2.41,0.41,0.36,0.39,0.12,3.8,0.0,0.62,,0,2.349700598802395,19.66586826347305,,
2008-08-26,21.133333333333333,33.54833333333333,23.0,1.95,1.85,1.9,0.41,0.35,0.38,0.15,3.6,0.0,0.46,,0,2.31030303030303,19.55454545454545,,
2008-09-02,21.9,33.571666666666665,22.0,1.91,1.69,1.8,0.66,0.6,0.63,0.27,2.6,0.0,0.8,,0,2.1677018633540373,19.904347826086955,,
2008-09-09,21.62857142857143,33.52428571428571,24.4,1.86,1.78,1.82,0.43,0.44,0.43,0.19,2.6,0.0,0.0,,0,2.073006134969325,21.211656441717796,,
2008-09-16,22.12857142857143,33.50714285714286,19.7,1.73,1.72,1.72,0.44,0.49,0.47,0.27,3.4,0.01,1.09,,0,2.139393939393939,20.78181818181818,,
2008-09-30,19.46666666666667,33.45666666666667,21.8,1.37,1.33,1.35,0.2,0.22,0.21,0.21,3.2,0.0,1.01,,0,2.287116564417178,21.039877300613497,,
2008-09-30,19.46666666666667,33.45666666666667,21.6,1.64,1.68,1.66,0.28,0.31,0.3,0.2,3.7,0.12,0.97,,0,2.287116564417178,21.039877300613497,,
2008-10-07,19.785714285714285,33.44285714285714,19.2,3.95,3.8,3.88,0.46,0.56,0.51,0.19,3.1,0.0,0.46,,0,1.7096774193548387,21.08709677419355,,
2008-10-14,19.82857142857143,33.46714285714286,19.0,2.14,2.15,2.14,0.38,0.35,0.37,0.21,3.4,0.0,0.78,,0,2.6555555555555554,20.02525252525253,,
2008-10-21,19.785714285714285,33.54571428571428,18.1,2.48,2.48,2.48,0.7,0.71,0.7,0.28,2.9,0.0,0.77,,0,2.2017857142857142,19.70714285714286,,
2008-10-28,17.771428571428572,33.48,19.2,1.34,1.29,1.31,0.55,0.56,0.55,0.23,2.7,0.0,1.48,,0,2.0708333333333333,19.82202380952381,,
2008-11-04,17.733333333333334,33.446666666666665,18.1,2.37,2.37,2.37,0.52,0.53,0.52,0.41,6.0,0.06,1.4,,0,1.980239520958084,20.704191616766465,,
2008-11-11,18.9,33.498333333333335,16.6,1.73,1.75,1.74,0.65,0.69,0.67,0.29,1.8,0.0,0.81,,0,2.805389221556886,19.480838323353293,,
2008-11-18,18.014285714285716,33.48285714285714,17.6,0.91,0.91,0.91,0.8,0.82,0.81,0.3,1.9,0.0,1.16,,0,1.6065868263473055,19.454491017964077,,
2008-11-25,17.55,33.475,16.2,0.86,0.83,0.84,0.9,1.04,0.97,0.43,3.3,0.0,1.4,,0,1.0694610778443114,18.58606060606061,,
2008-12-02,17.516666666666666,33.50833333333333,16.9,1.18,1.18,1.18,0.8,0.77,0.79,0.36,2.8,0.0,0.8,,0,1.475449101796407,19.176506024096387,,
2008-12-09,17.314285714285713,33.362857142857145,16.9,1.28,1.24,1.26,0.42,0.43,0.42,0.3,3.0,0.0,0.6,,0,2.7849397590361447,17.80969696969697,,
2008-12-16,17.2,33.436,17.0,0.76,0.76,0.76,0.3,0.3,0.3,0.31,2.4,0.0,0.31,,0,1.2323353293413175,19.1126582278481,,
2008-12-23,16.04285714285714,33.455714285714286,16.4,1.45,1.47,1.46,1.12,1.16,1.14,0.38,3.2,0.0,0.65,,0,1.2409638554216869,16.94727272727273,,
2008-12-30,14.657142857142857,33.25714285714286,16.6,1.67,1.59,1.63,0.98,0.92,0.95,0.36,2.6,0.0,0.91,,0,2.3508982035928145,16.3644578313253,,
2009-01-06,14.116666666666667,33.275,15.1,1.22,1.25,1.24,0.71,0.7,0.71,0.36,3.9,0.04,0.54,,0,2.105952380952381,16.076047904191615,,
2009-01-13,13.985714285714286,33.31857142857143,14.5,1.6,1.62,1.61,0.77,0.88,0.83,0.44,4.3,0.0,0.41,,0,3.592168674698795,15.136144578313251,,
2009-01-20,14.3,33.35285714285714,13.7,1.4,1.39,1.39,0.74,0.75,0.75,0.53,5.5,0.0,0.76,,0,3.4786585365853657,12.159259259259258,,
2009-01-27,15.566666666666668,33.46,13.4,2.69,2.58,2.63,0.88,1.11,1.0,0.44,5.1,0.0,0.68,,0,4.246706586826347,12.667065868263474,,
2009-02-03,15.266666666666666,33.445,14.0,2.6,2.5,2.55,0.43,0.44,0.43,0.36,4.2,0.0,0.45,,0,2.2006134969325157,12.262962962962964,,
2009-02-17,14.86,33.396,14.5,1.71,1.67,1.69,0.56,0.58,0.57,0.33,3.1,0.0,0.37,,0,0.9357142857142856,18.332608695652176,,
2009-02-17,14.86,33.396,14.3,1.4,1.38,1.39,1.31,1.31,1.31,0.38,3.5,0.0,0.36,,0,0.9357142857142856,18.332608695652176,,
2009-02-24,14.1,33.30142857142857,14.4,1.69,1.66,1.67,0.77,0.79,0.78,0.36,4.0,0.0,0.47,,0,2.4029761904761906,,,
2009-03-03,14.48,33.36,14.5,1.23,1.21,1.22,0.62,0.59,0.6,0.3,3.6,0.0,0.69,,0,1.695180722891566,,,
2009-03-10,15.214285714285714,33.32285714285714,13.8,2.28,2.32,2.3,0.98,1.05,1.02,0.42,4.6,0.0,1.24,,0,3.678048780487805,,,
2009-03-17,15.12857142857143,33.39857142857143,14.3,1.86,1.96,1.91,0.75,0.69,0.72,0.29,4.5,0.0,0.48,,0,3.575449101796407,,,
2009-03-24,14.885714285714286,33.45,14.9,2.34,2.52,2.43,0.6,0.54,0.57,0.22,3.9,0.0,0.0,,0,1.7431249999999998,,,
2009-03-31,15.371428571428572,33.46857142857143,14.5,4.91,5.06,4.98,0.98,0.86,0.92,0.21,3.8,0.0,0.24,,0,1.840963855421687,,,
2009-04-07,14.914285714285716,33.50142857142857,14.7,5.15,5.32,5.23,0.8,0.49,0.64,0.2,4.3,0.0,0.25,,0,3.119760479041916,,,
2009-04-14,15.82,33.586,14.3,6.23,6.3,6.26,1.35,1.62,1.49,0.4,5.9,0.0,0.64,,0,2.448920863309352,,,
2009-04-21,16.22,33.584,14.4,3.26,3.21,3.24,1.38,1.53,1.45,0.32,6.3,0.0,0.78,,0,2.246706586826347,,,
2009-04-28,16.014285714285712,33.61714285714286,15.9,1.74,1.79,1.77,0.48,0.47,0.47,0.26,6.0,0.0,0.69,,0,2.367484662576687,,,
2009-05-05,16.285714285714285,33.61142857142857,15.3,2.03,1.95,1.99,0.55,0.56,0.56,0.4,7.6,0.0,0.4,,0,2.308433734939759,,,
2009-05-12,17.085714285714285,33.62571428571429,16.7,1.82,1.82,1.82,0.36,0.38,0.37,0.11,0.0,0.0,0.5,,0,3.087272727272727,,,
2009-05-19,17.785714285714285,33.66857142857143,15.8,1.67,1.65,1.66,1.15,1.27,1.21,0.49,6.2,0.0,1.42,,0,2.735542168674699,,,
2009-05-26,18.65714285714285,33.69428571428572,17.7,3.78,3.85,3.81,0.68,0.66,0.67,0.17,1.1,0.0,0.35,,0,2.8466666666666667,,,
2009-06-02,19.214285714285715,33.681428571428576,18.9,4.5,4.39,4.45,0.84,0.96,0.9,0.13,0.0,0.0,0.22,,0,2.4458333333333333,,,
2009-06-09,19.142857142857142,33.71714285714286,19.3,2.94,2.81,2.87,0.88,1.04,0.96,0.12,0.0,0.0,0.29,,0,2.115432098765432,,,
2009-06-16,18.8,33.7,20.2,1.07,1.05,1.06,0.41,0.37,0.39,0.15,1.5,0.0,1.14,,0,8.330967741935483,,,
2009-06-23,18.785714285714285,33.71857142857143,19.0,1.84,1.88,1.86,0.88,0.88,0.88,0.17,2.4,0.0,1.0,,0,9.0,,,
2009-06-30,20.133333333333333,33.70333333333333,19.5,1.79,1.81,1.8,0.65,0.7,0.67,0.28,6.2,0.0,1.77,,0,9.0,,,
2009-07-07,20.728571428571428,33.73285714285714,19.9,0.91,0.9,0.9,0.17,0.22,0.19,0.28,6.3,0.0,0.31,,0,9.0,,,
2009-07-14,19.02857142857143,33.61,20.6,1.27,1.24,1.25,0.58,0.57,0.57,0.24,5.4,0.0,0.59,,0,9.0,,,
2009-07-21,19.316666666666663,33.58833333333333,20.3,1.84,1.92,1.88,0.59,0.67,0.63,0.28,4.2,0.0,0.81,,0,9.0,,,
2009-07-28,20.285714285714285,33.558571428571426,18.0,3.21,3.26,3.24,0.84,0.79,0.82,0.32,4.7,0.0,0.82,,0,9.0,,,
2009-08-04,23.77142857142857,33.684285714285714,20.9,2.45,2.37,2.41,0.4,0.47,0.43,0.26,0.0,0.0,0.57,,0,9.0,,,
2009-08-11,23.92,33.786,20.9,2.42,2.4,2.41,0.28,0.31,0.3,0.21,0.0,0.0,0.44,,0,9.0,,,
2009-08-18,23.02857142857143,33.72,24.5,1.06,1.01,1.03,0.25,0.26,0.26,0.17,0.0,0.0,0.74,,0,9.0,,,
2009-08-25,22.485714285714288,33.69857142857143,23.5,0.92,0.93,0.92,0.47,0.48,0.47,0.24,0.0,0.0,0.47,,0,9.0,,,
2009-09-01,22.542857142857144,33.71,23.0,0.68,0.7,0.69,0.23,0.23,0.23,0.24,1.2,0.0,1.38,,0,9.0,,,
2009-09-08,22.814285714285717,33.660000000000004,22.1,0.92,0.93,0.93,0.44,0.45,0.45,0.28,1.2,0.0,0.57,,0,9.0,,,
2009-09-15,24.450000000000003,33.71666666666667,22.8,1.09,1.06,1.07,0.49,0.52,0.51,0.22,1.4,0.0,0.98,,0,9.0,,,
2009-09-22,22.87142857142857,33.69571428571429,23.8,0.91,0.91,0.91,0.33,0.32,0.33,0.21,1.2,0.0,0.85,,0,9.0,,,
2009-09-29,22.25714285714286,33.637142857142855,24.7,0.99,1.02,1.01,0.4,0.42,0.41,0.23,0.0,0.0,0.5,,0,9.0,,,
2009-10-06,21.0,33.55571428571429,22.3,0.56,0.57,0.57,0.29,0.29,0.29,0.23,0.0,0.0,0.57,,0,9.0,,,
2009-10-13,20.74285714285714,33.58142857142857,22.8,1.02,0.99,1.0,0.37,0.38,0.38,0.23,1.2,0.0,0.75,,0,9.0,,,
2009-10-20,18.74285714285714,33.49285714285714,21.4,0.74,0.77,0.75,0.32,0.34,0.33,0.27,2.0,0.0,0.52,,0,9.0,,,
2009-10-27,19.2,33.48142857142857,20.1,0.78,0.79,0.78,0.36,0.37,0.37,0.34,1.6,0.0,0.47,,0,9.0,,,
2009-11-03,19.571428571428573,33.50142857142857,18.3,0.93,0.96,0.95,0.31,0.33,0.32,0.37,2.7,0.0,1.19,,0,9.0,,,
2009-11-10,17.349999999999998,33.445,19.1,1.17,1.14,1.15,0.5,0.53,0.51,0.33,2.3,0.0,0.28,,0,9.0,,,
2009-11-17,17.12857142857143,33.395714285714284,19.5,1.07,1.07,1.07,0.6,0.6,0.6,0.35,2.1,0.0,0.65,,0,9.0,,,
2009-11-24,17.7,33.47,16.7,1.23,1.24,1.23,0.44,0.43,0.44,0.39,2.9,0.0,0.49,,0,9.0,,,
2009-12-01,17.45,33.49166666666667,17.1,0.79,0.76,0.78,0.34,0.34,0.34,0.36,2.3,0.0,0.5,,0,9.0,,,
2009-12-08,17.02857142857143,33.51571428571429,17.2,1.09,1.09,1.09,0.29,0.3,0.29,0.37,2.3,0.0,0.76,,0,9.0,,,
2009-12-15,16.057142857142857,33.45428571428572,16.7,1.53,1.49,1.51,0.61,0.6,0.6,0.37,2.6,0.0,0.53,,0,9.0,,,
2009-12-22,15.4,33.34571428571429,16.4,0.96,0.98,0.97,0.54,0.5,0.52,0.41,2.6,0.0,0.61,,0,9.0,,,
2009-12-29,15.866666666666667,33.38666666666666,15.4,1.95,1.98,1.96,0.92,1.22,1.07,0.46,3.5,0.0,0.34,,0,9.0,,,
2010-01-05,15.12857142857143,33.41857142857143,15.4,0.81,0.84,0.83,0.67,0.65,0.66,0.47,3.2,0.0,0.87,,0,,,,
2010-01-12,15.12857142857143,33.44857142857143,15.2,1.19,1.12,1.16,0.73,0.69,0.71,0.42,3.5,0.0,1.05,,0,,,,
2010-01-19,15.757142857142856,33.46857142857143,14.8,1.77,1.69,1.73,0.67,0.7,0.69,0.44,3.3,0.0,0.66,,0,,,,
2010-01-26,15.657142857142857,33.46714285714285,14.7,1.86,1.64,1.75,0.67,0.86,0.77,0.46,3.9,0.0,0.49,,0,,,,
2010-02-02,15.066666666666668,33.35,15.1,0.82,0.79,0.8,0.47,0.46,0.47,0.41,3.3,0.0,0.91,,0,,,,
2010-02-16,15.38,33.386,15.2,0.91,0.86,0.88,0.54,0.65,0.59,0.31,3.2,0.0,1.01,,0,,,,
2010-02-16,15.38,33.386,15.0,0.82,0.85,0.84,0.49,0.51,0.5,0.37,3.7,0.0,1.56,,0,,,,
2010-02-23,15.35,33.38,15.1,2.17,2.26,2.21,0.68,0.8,0.74,0.29,3.5,0.0,0.21,,0,,,,
2010-03-02,16.014285714285712,33.34285714285714,14.9,1.26,1.15,1.2,0.72,0.7,0.71,0.33,3.4,0.0,0.71,,0,,,,
2010-03-16,15.657142857142857,33.27142857142857,15.2,1.58,1.5,1.54,0.72,0.6,0.66,0.25,3.3,0.0,0.0,,0,,,,
2010-03-16,15.657142857142857,33.27142857142857,15.6,0.91,0.98,0.95,0.46,0.44,0.45,0.27,2.9,0.0,0.87,,0,,,,
2010-03-23,15.071428571428571,33.291428571428575,15.4,2.96,2.88,2.92,0.56,0.55,0.56,0.27,3.3,0.0,0.41,,0,,,,
2010-03-30,15.828571428571427,33.42142857142857,15.4,1.25,1.23,1.24,0.59,0.6,0.6,0.24,2.8,0.0,0.62,,0,,,,
2010-04-06,16.52857142857143,33.480000000000004,14.3,8.43,8.29,8.36,1.36,1.46,1.41,0.37,6.2,0.0,0.47,,1,,,,
2010-04-13,16.02857142857143,33.47,15.7,2.08,2.16,2.12,0.72,0.66,0.69,0.16,0.0,0.0,1.19,,0,,,,
2010-04-20,16.214285714285715,33.46857142857143,16.6,2.05,2.1,2.08,0.13,0.11,0.12,0.16,0.0,0.0,0.21,,0,,,,
2010-04-27,17.014285714285712,33.45,16.1,3.23,3.12,3.17,0.76,0.76,0.76,0.24,3.1,0.0,0.49,,0,,,,
2010-05-04,16.12857142857143,33.458571428571425,15.8,2.24,2.28,2.26,0.45,0.54,0.49,0.24,2.9,0.0,1.08,,0,,,,
2010-05-11,15.728571428571428,33.49142857142857,16.7,2.39,2.4,2.39,0.37,0.41,0.39,0.31,3.1,0.0,1.89,,0,,,,
2010-05-18,16.728571428571428,33.53428571428572,14.8,20.5,20.41,20.46,0.0,0.0,0.0,0.37,8.1,0.0,0.81,,1,,,,
2010-05-25,17.47142857142857,33.56428571428571,15.7,20.29,20.63,20.46,0.83,0.0,0.14,0.18,1.4,0.0,1.01,,1,,,,
2010-06-01,17.37142857142857,33.58857142857143,16.7,10.06,8.99,9.53,0.0,0.87,0.12,0.2,1.9,0.0,0.61,,1,,,,
2010-06-08,17.785714285714285,33.60285714285714,16.8,18.6,17.92,18.26,0.45,0.78,0.61,0.18,2.0,0.0,0.55,,1,,,,
2010-06-15,18.67142857142857,33.612857142857145,16.9,10.79,11.37,11.08,0.54,0.32,0.43,0.29,4.9,0.0,0.44,,1,,,,
2010-06-22,18.785714285714285,33.64,17.1,4.12,4.1,4.11,0.39,0.49,0.44,0.21,4.4,0.0,0.41,,0,,,,
2010-07-06,20.5,33.71714285714285,18.9,19.21,18.6,18.91,0.06,0.29,0.17,0.15,4.0,0.0,0.5,,1,,,,
2010-07-06,20.5,33.71714285714285,19.6,5.44,5.3,5.37,0.22,0.36,0.29,0.18,3.6,0.0,0.55,,0,,,,
2010-07-13,19.442857142857143,33.714285714285715,20.1,1.56,1.57,1.56,0.35,0.38,0.36,0.15,3.2,0.0,0.46,,0,,,,
2010-07-20,18.785714285714285,33.62571428571429,20.3,4.41,4.35,4.38,0.41,0.43,0.42,0.0,1.4,0.0,0.54,,0,,,,
2010-07-27,18.2,33.53428571428572,18.9,3.42,3.32,3.37,0.28,0.3,0.29,0.11,0.0,0.0,0.2,,0,,,,
2010-08-10,19.266666666666666,33.580000000000005,17.2,2.03,1.98,2.01,0.67,0.72,0.69,0.38,5.5,0.0,0.51,,0,,,,
2010-08-10,19.266666666666666,33.580000000000005,17.5,2.97,2.84,2.9,0.73,0.77,0.75,0.31,6.1,0.0,0.72,,0,,,,
2010-08-17,20.32857142857143,33.583333333333336,19.4,1.63,1.65,1.64,0.64,0.63,0.64,0.19,1.5,0.0,0.56,,0,,,,
2010-08-24,19.17142857142857,33.582857142857144,19.3,1.68,1.83,1.75,0.85,0.73,0.79,0.21,3.5,0.0,0.58,,0,2.2818181818181817,,,
2010-08-31,18.571428571428573,33.48857142857143,20.2,2.24,2.2,2.22,0.61,0.66,0.63,0.16,2.6,0.0,0.51,,0,2.338323353293413,,,
2010-09-07,18.1,33.51571428571429,15.4,4.19,4.1,4.14,1.78,1.93,1.86,0.35,6.0,0.0,1.91,,0,2.0572289156626504,,,
2010-09-14,19.0,33.585,19.1,1.77,1.77,1.77,0.62,0.6,0.61,0.27,4.4,0.02,0.63,,0,2.265116279069768,,,
2010-09-21,18.066666666666663,33.583333333333336,19.4,0.92,0.92,0.92,0.17,0.2,0.19,0.24,2.2,0.0,1.87,,0,,,,
2010-09-28,17.783333333333335,33.58,17.5,3.03,3.04,3.03,0.41,0.42,0.42,0.22,2.1,0.0,0.32,,0,,,,
2010-10-05,17.642857142857142,33.55428571428571,17.5,1.63,1.59,1.61,0.48,0.51,0.49,0.38,4.9,0.0,2.46,,0,,,,
2010-10-12,19.27142857142857,33.52428571428571,16.6,4.69,4.64,4.67,1.41,1.51,1.46,0.38,5.9,0.0,0.75,,0,,,,
2010-10-19,19.228571428571428,33.529999999999994,17.4,2.38,2.35,2.37,0.71,0.71,0.71,0.28,5.2,0.0,1.65,,0,,,,
2010-10-26,19.15714285714285,33.537142857142854,20.0,15.93,17.6,16.77,0.47,0.29,0.38,0.16,2.8,0.0,0.79,,1,,,,
2010-11-02,18.814285714285717,33.47857142857143,19.2,7.52,7.48,7.5,0.42,0.52,0.47,0.22,3.0,0.0,0.26,,1,,,,
2010-11-09,18.585714285714285,33.41571428571429,18.9,4.85,4.66,4.75,0.52,0.6,0.56,0.15,2.5,0.0,0.0,,0,,,,
2010-11-16,18.716666666666665,33.495,18.9,3.03,2.98,3.01,1.03,1.08,1.06,0.18,3.7,0.0,0.87,,0,,,,
2010-11-23,17.242857142857144,33.567142857142855,18.3,2.78,2.78,2.78,0.54,0.59,0.56,0.15,1.9,0.0,0.0,,0,,,,
2010-11-30,16.728571428571428,33.47,18.3,1.75,1.66,1.7,0.38,0.52,0.45,0.15,1.7,0.0,0.0,,0,,,,
2010-12-07,15.016666666666666,33.45333333333333,16.3,1.54,1.62,1.58,0.81,0.75,0.78,0.42,3.5,0.0,1.64,,0,,,,
2010-12-14,14.085714285714287,33.497142857142855,16.0,1.28,1.34,1.31,1.13,1.07,1.1,0.43,5.2,0.0,2.01,,0,,,,
2010-12-21,13.8,33.46714285714285,13.8,10.1,10.15,10.13,0.87,0.99,0.93,0.49,6.4,0.0,0.87,,1,,,,
2010-12-28,14.94285714285714,33.44714285714286,14.0,5.63,5.54,5.59,0.62,0.83,0.72,0.32,2.9,0.0,1.2,,0,9.0,,,
2011-01-04,15.071428571428571,33.03285714285715,13.7,10.62,10.9,10.76,0.0,0.0,0.0,0.28,2.8,0.0,1.2,,1,9.0,,,
2011-01-11,14.585714285714287,33.068571428571424,15.1,3.09,3.11,3.1,0.16,0.22,0.19,0.27,1.9,0.0,0.64,,0,9.0,,,
2011-01-18,14.383333333333333,33.20166666666667,15.3,7.45,6.8,7.12,0.0,0.0,0.0,0.37,2.5,0.0,0.79,,1,9.0,,,
2011-01-25,14.857142857142858,33.26285714285714,14.7,1.43,1.43,1.43,0.32,0.37,0.34,0.49,4.1,0.0,2.95,,0,9.0,,,
2011-02-01,14.9,33.30714285714286,14.2,3.51,3.58,3.54,0.69,0.59,0.64,0.37,3.6,0.0,1.74,,0,,,,
2011-02-15,14.285714285714286,33.378571428571426,14.3,4.98,4.98,4.98,0.42,0.65,0.53,0.29,4.3,0.0,0.77,,0,,,,
2011-02-15,14.285714285714286,33.378571428571426,14.2,2.99,3.02,3.01,0.36,0.42,0.39,0.3,2.6,0.0,0.52,,0,,,,
2011-02-22,14.94285714285714,33.39142857142857,14.3,5.03,5.08,5.05,1.13,1.29,1.21,0.21,1.1,0.0,0.59,,0,,,,
2011-03-01,14.55714285714286,33.35,14.3,3.98,4.1,4.04,1.17,1.34,1.25,0.19,0.0,0.0,0.72,,0,,,,
2011-03-08,14.2,33.28285714285714,14.4,2.8,2.82,2.81,0.9,1.02,0.96,0.22,1.1,0.0,0.79,,0,,,,
2011-03-22,14.95,33.24166666666667,14.2,2.27,2.28,2.28,0.45,0.52,0.49,0.19,0.0,0.0,0.82,,0,,,,
2011-03-22,14.95,33.24166666666667,14.3,1.37,1.41,1.39,0.3,0.34,0.32,0.25,2.1,0.0,0.82,,0,,,,
2011-03-29,14.485714285714286,33.34285714285714,14.2,4.08,4.05,4.06,2.22,2.25,2.23,0.43,4.5,0.0,2.04,,0,,,,
2011-04-05,14.342857142857143,33.362857142857145,14.8,4.02,3.95,3.98,1.68,1.94,1.81,0.21,1.9,0.0,2.03,,0,,,,
2011-04-12,15.814285714285717,33.26714285714286,13.3,2.79,2.79,2.79,1.0,1.15,1.07,0.45,3.1,0.0,1.94,,0,,,,
2011-04-19,15.7,33.36714285714286,14.9,4.48,4.55,4.51,1.07,1.11,1.09,0.31,4.0,0.0,1.79,,0,,,,
2011-04-26,16.5,33.395714285714284,16.4,1.35,1.34,1.35,0.38,0.39,0.38,0.28,3.4,0.0,2.29,,0,,,,
2011-05-03,17.057142857142857,33.432857142857145,15.9,2.13,2.25,2.19,0.9,0.89,0.9,0.35,6.1,0.0,1.93,,0,,,,
2011-05-10,17.414285714285715,33.49285714285714,16.7,1.38,1.41,1.39,0.63,0.69,0.66,0.24,3.5,0.0,1.12,,0,,,,
2011-05-17,17.557142857142857,33.575714285714284,17.3,1.32,1.36,1.34,0.68,0.74,0.71,0.31,5.9,0.0,1.11,,0,,,,
2011-05-24,16.82857142857143,33.60142857142857,16.3,2.24,2.25,2.25,0.83,0.78,0.81,0.31,3.0,0.0,2.63,,0,,,,
2011-05-31,17.514285714285712,33.52142857142857,15.4,3.68,3.63,3.66,1.15,1.21,1.18,0.21,2.0,0.0,0.74,,0,,,,
2011-06-07,18.085714285714285,33.528571428571425,17.1,1.43,1.48,1.45,0.63,0.72,0.67,0.24,3.8,0.0,1.16,,0,,,,
2011-06-14,17.571428571428573,33.58142857142857,17.4,1.88,1.77,1.82,0.58,0.63,0.61,0.29,5.3,0.0,0.59,,0,,,,
2011-06-21,16.928571428571427,33.60857142857143,17.5,2.63,2.95,2.79,0.66,0.7,0.68,0.14,3.8,0.0,0.42,,0,,,,
2011-06-28,18.5,33.612857142857145,17.7,2.63,2.54,2.58,0.43,0.5,0.46,0.33,0.0,0.0,1.46,,0,,,,
2011-07-05,18.885714285714283,33.63142857142857,16.9,2.11,2.18,2.15,0.37,0.32,0.34,0.19,3.3,0.0,0.65,,0,,,,
2011-07-19,20.928571428571427,33.635714285714286,19.1,1.86,1.66,1.76,0.41,0.34,0.37,0.15,3.7,0.0,0.66,,0,,,,
2011-07-19,20.928571428571427,33.635714285714286,19.6,2.97,3.0,2.98,1.26,1.15,1.21,0.21,0.0,0.0,0.29,,0,,,,
2011-07-26,20.714285714285715,33.66857142857143,20.7,2.34,2.25,2.29,0.83,0.85,0.84,0.19,3.7,0.0,1.42,,0,,,,
2011-08-09,20.914285714285715,33.64,20.2,1.72,1.72,1.72,0.51,0.57,0.54,0.22,3.5,0.0,1.85,,0,,,,
2011-08-09,20.914285714285715,33.64,21.0,2.03,1.88,1.95,0.87,0.8,0.83,0.19,2.5,0.0,0.0,,0,,,,
2011-08-16,17.34285714285714,33.44285714285714,21.3,2.35,2.32,2.34,0.67,0.6,0.63,0.14,2.6,0.0,0.7,,0,,,,
2011-08-23,19.685714285714287,33.48857142857143,17.8,1.45,1.54,1.49,0.59,0.75,0.67,0.28,3.1,0.0,0.45,,0,,,,
2011-08-30,20.11428571428572,33.55428571428571,18.6,1.06,1.08,1.07,0.3,0.33,0.32,0.24,2.7,0.0,0.89,,0,,,,
2011-09-06,20.314285714285717,33.51428571428571,20.2,2.34,2.48,2.41,0.64,0.68,0.66,0.15,1.3,0.0,0.0,,0,,,,
2011-09-13,18.933333333333334,33.473333333333336,20.0,1.02,0.98,1.0,0.3,0.31,0.3,0.19,1.8,0.0,0.28,,0,,,,
2011-09-20,19.15714285714285,33.434285714285714,20.8,1.39,1.34,1.36,0.36,0.4,0.38,0.2,3.3,0.0,0.25,,0,,,,
2011-09-27,19.642857142857142,33.535714285714285,17.6,6.6,6.74,6.67,0.13,0.16,0.15,0.42,5.8,0.2,0.25,,0,,,,
2011-10-04,19.057142857142857,33.45714285714286,17.9,2.15,2.22,2.18,0.26,0.28,0.27,0.22,3.6,0.0,1.15,,0,,,,
2011-10-11,17.228571428571428,33.41,18.0,5.14,5.62,5.38,0.34,0.29,0.32,0.27,2.8,0.0,0.52,,0,,,,
2011-10-18,18.133333333333333,33.42166666666667,16.6,43.99,43.84,43.91,1.18,0.96,1.07,0.2,4.8,0.0,0.4,,1,,,,
2011-10-25,18.48,33.426,17.6,51.69,44.58,48.13,0.0,2.44,1.11,0.1,6.7,0.0,0.0,,1,,,,
2011-11-01,16.957142857142856,33.378571428571426,17.8,34.36,33.17,33.77,0.0,0.0,0.0,0.68,4.1,0.0,0.0,,1,,,,
2011-11-08,17.433333333333334,33.413333333333334,17.6,4.89,4.56,4.72,0.07,0.21,0.14,0.0,4.5,0.0,0.0,,0,,,,
2011-11-15,16.683333333333334,33.401666666666664,17.2,2.07,2.09,2.08,0.24,0.24,0.24,0.19,4.4,0.0,2.36,,0,,,,
2011-11-22,16.014285714285712,33.39,16.3,3.2,3.01,3.1,0.37,0.7,0.54,0.31,4.4,0.0,0.82,,0,,,,
2011-11-29,16.257142857142856,33.32714285714285,16.4,1.64,1.67,1.66,0.52,0.55,0.54,0.22,2.3,0.0,0.61,,0,,,,
2011-12-06,15.960000000000004,33.34,16.0,0.79,0.8,0.8,0.28,0.25,0.26,0.29,2.1,0.0,1.01,,0,,,,
2011-12-13,15.62857142857143,33.401428571428575,15.8,0.62,0.62,0.62,0.23,0.25,0.24,0.27,1.5,0.0,0.68,,0,,,,
2011-12-20,14.914285714285716,33.41857142857143,15.5,1.38,1.37,1.38,0.43,0.41,0.42,0.28,2.4,0.0,0.7,,0,,,,
2011-12-27,14.4,33.38142857142857,14.4,7.31,7.65,7.48,0.1,0.05,0.08,0.32,3.5,0.0,0.87,,1,,,,
2012-01-03,14.283333333333331,33.406666666666666,15.1,1.58,1.66,1.62,0.2,0.19,0.2,0.3,2.0,0.0,1.2,,0,,,,
2012-01-10,14.785714285714286,33.40428571428571,14.3,14.58,14.96,14.77,0.19,0.27,0.23,0.29,3.7,0.0,0.0,,1,,,,
2012-01-17,15.12857142857143,33.417142857142856,14.0,12.2,11.63,11.92,0.0,0.0,0.0,0.25,3.9,0.0,0.38,,1,,,,
2012-01-31,14.466666666666669,33.419999999999995,14.6,1.71,1.83,1.77,0.18,0.26,0.22,0.23,3.3,0.0,0.34,,0,,,,
2012-01-31,14.466666666666669,33.419999999999995,14.6,1.01,1.01,1.01,0.09,0.13,0.11,0.24,3.1,0.0,0.35,,0,,,,
2012-02-14,14.971428571428572,33.431428571428576,14.2,1.29,1.23,1.26,0.37,0.4,0.38,0.3,3.3,0.0,0.64,,0,,,,
2012-02-14,14.971428571428572,33.431428571428576,13.9,6.32,6.22,6.27,0.64,0.79,0.71,0.23,1.3,0.0,0.0,,0,,,,
2012-02-21,15.257142857142856,33.43571428571429,14.3,0.99,1.02,1.0,0.17,0.16,0.16,0.2,0.0,0.0,0.75,,0,,,,
2012-02-28,14.6,33.42142857142857,14.5,1.7,1.53,1.61,0.67,0.32,0.49,0.22,1.1,0.0,0.6,,0,,,,
2012-03-06,14.885714285714286,33.425714285714285,14.9,0.75,0.75,0.75,0.27,0.28,0.28,0.28,2.7,0.0,0.63,,0,,,,
2012-03-20,14.042857142857144,33.542857142857144,14.7,1.67,1.67,1.67,0.4,0.51,0.46,0.3,4.6,0.0,0.58,,0,,,,
2012-03-20,14.042857142857144,33.542857142857144,14.6,1.76,1.82,1.79,0.49,0.48,0.48,0.28,4.9,0.0,0.67,,0,,,,
2012-03-27,13.771428571428572,33.55,14.7,2.0,1.99,1.99,0.58,0.61,0.6,0.45,7.7,0.0,0.4,,0,,,,
2012-04-03,13.9,33.53,13.3,8.07,8.35,8.21,1.03,0.98,1.0,0.31,4.7,0.0,0.27,,1,,,,
2012-04-10,14.285714285714286,33.59142857142857,13.0,2.64,2.91,2.78,2.28,2.33,2.3,0.6,6.3,0.0,3.26,,0,,,,
2012-04-17,13.8,33.68,13.1,2.36,2.46,2.41,0.46,0.51,0.49,1.02,11.6,0.0,0.9,,0,,,,
2012-04-24,15.1,33.598,13.4,2.64,2.55,2.6,1.63,1.83,1.73,0.91,13.2,0.0,1.7,,0,,,,
2012-05-01,15.614285714285714,33.567142857142855,14.9,5.66,5.57,5.62,1.91,2.0,1.96,0.32,7.8,0.0,0.22,,0,,,,
2012-05-08,16.428571428571427,33.58857142857143,14.3,2.71,2.47,2.59,1.18,1.19,1.19,0.44,6.0,0.0,1.07,,0,,,,
2012-05-15,17.771428571428572,33.607142857142854,15.6,1.56,1.66,1.61,0.72,0.83,0.77,0.38,7.5,0.0,0.96,,0,,,,
2012-05-22,18.8,33.652857142857144,16.5,1.38,1.41,1.39,0.42,0.45,0.44,0.17,0.0,0.0,0.73,,0,,,,
2012-05-29,18.642857142857142,33.64714285714286,17.9,0.7,0.69,0.7,0.48,0.52,0.5,0.24,2.2,0.0,0.57,,0,,,,
2012-06-05,18.02857142857143,33.67428571428572,18.9,1.63,1.68,1.66,0.58,0.66,0.62,0.26,3.2,0.0,0.0,,0,,,,
2012-06-12,19.166666666666668,33.67666666666667,18.7,1.43,1.47,1.45,0.64,0.69,0.66,0.26,5.1,0.0,0.63,,0,,,,
2012-06-19,19.014285714285712,33.68833333333333,18.7,1.14,1.13,1.14,0.57,0.53,0.55,0.27,4.1,0.0,0.25,,0,,,,
2012-07-03,18.985714285714288,33.660000000000004,19.3,0.55,0.59,0.57,0.26,0.23,0.25,0.25,3.6,0.0,0.25,,0,,,,
2012-07-03,18.985714285714288,33.660000000000004,19.0,0.96,0.94,0.95,0.38,0.37,0.38,0.26,2.8,0.0,0.0,,0,,,,
2012-07-10,20.2,33.667142857142856,18.5,1.04,1.04,1.04,0.32,0.34,0.33,0.27,1.1,0.0,0.45,,0,,,,
2012-07-24,19.55,33.62833333333334,20.1,0.89,0.88,0.89,0.22,0.22,0.22,0.27,1.8,0.04,0.32,,0,,,,
2012-07-24,19.55,33.62833333333334,20.5,0.88,0.89,0.88,0.12,0.11,0.12,0.21,0.0,0.0,0.33,,0,,,,
2012-07-31,20.514285714285712,33.62428571428571,14.3,1.63,1.6,1.61,0.4,0.44,0.42,0.45,3.1,0.0,0.68,,0,,,,
2012-08-07,20.585714285714285,33.67857142857143,19.9,0.7,0.7,0.7,0.29,0.27,0.28,0.22,1.5,0.0,1.0,,0,,,,
2012-08-14,20.87142857142857,33.71,21.0,1.05,1.1,1.08,0.9,0.83,0.87,0.21,0.0,0.0,0.59,,0,,,,
2012-08-21,21.7,33.660000000000004,19.8,1.21,1.24,1.22,0.67,0.64,0.65,0.22,1.6,0.0,0.0,,0,,,,
2012-08-28,22.316666666666663,33.65833333333333,20.2,1.65,1.68,1.66,0.82,0.81,0.82,0.2,1.4,0.0,0.39,,0,,,,
2012-09-04,22.071428571428573,33.65857142857143,21.2,1.42,1.42,1.42,0.52,0.6,0.56,0.22,1.3,0.0,0.49,,0,,,,
2012-09-11,21.61428571428572,33.61714285714286,23.1,1.04,1.07,1.05,0.21,0.23,0.22,0.2,1.8,0.0,0.0,,0,,,,
2012-09-18,20.6,33.52428571428572,21.8,2.42,2.28,2.35,0.73,0.73,0.73,0.31,2.3,0.0,0.33,,0,,,,
2012-10-02,20.74285714285714,33.535714285714285,19.7,2.05,2.06,2.05,0.52,0.55,0.53,0.33,3.1,0.0,0.4,,0,,,,
2012-10-02,20.74285714285714,33.535714285714285,22.2,1.0,1.0,1.0,0.32,0.33,0.32,0.25,2.9,0.0,0.63,,0,,,,
2012-10-09,20.285714285714285,33.51571428571429,20.1,0.56,0.57,0.56,0.2,0.19,0.2,0.3,2.5,0.0,0.54,,0,,,,
2012-10-16,20.514285714285712,33.50714285714286,20.6,1.16,1.2,1.18,0.42,0.43,0.43,0.32,3.0,0.0,1.12,,0,,,,
2012-10-23,19.74285714285714,33.53428571428572,20.4,2.14,2.25,2.2,0.43,0.43,0.43,0.29,3.2,0.0,1.2,,0,,,,
2012-10-30,19.885714285714283,33.537142857142854,19.5,0.97,0.95,0.96,0.43,0.42,0.42,0.31,3.3,0.0,1.89,,0,,,,
2012-11-06,18.8,33.593333333333334,18.9,1.53,1.56,1.54,0.59,0.62,0.61,0.29,3.2,0.0,0.73,,0,,,,
2012-11-13,18.666666666666668,33.58714285714286,19.5,1.05,1.08,1.06,0.58,0.61,0.6,0.3,3.0,0.0,1.34,,0,,,,
2012-11-20,17.7,33.598571428571425,18.7,1.29,1.34,1.31,0.59,0.6,0.59,0.28,3.6,0.0,0.28,,0,,,,
2012-11-27,17.04285714285714,33.565714285714286,17.8,1.09,1.11,1.1,0.58,0.61,0.6,0.31,3.5,0.0,0.65,,0,,,,
2012-12-11,16.733333333333334,33.556666666666665,16.6,1.91,1.9,1.91,1.04,1.02,1.03,0.34,4.1,0.0,0.64,,0,,,,
2012-12-11,16.733333333333334,33.556666666666665,17.0,0.92,0.89,0.91,0.33,0.35,0.34,0.37,3.8,0.0,1.34,,0,,,,
2012-12-18,16.614285714285717,33.541428571428575,16.5,0.98,1.06,1.02,0.35,0.36,0.36,0.31,3.0,0.0,0.64,,0,,,,
2012-12-25,15.866666666666667,33.306666666666665,16.6,1.39,1.43,1.41,0.93,0.91,0.92,0.37,2.9,0.0,1.42,,0,,,,
2013-01-01,15.62857142857143,33.537142857142854,16.0,1.43,1.48,1.46,0.8,0.83,0.82,0.46,4.9,0.0,1.21,,0,,,,
2013-01-08,14.771428571428572,33.52571428571429,15.8,1.36,1.39,1.38,0.57,0.59,0.58,0.37,4.4,0.0,0.61,,0,,,,
2013-01-15,14.12857142857143,33.53285714285715,15.1,1.32,1.44,1.38,0.64,0.65,0.65,0.39,4.1,0.0,0.62,,0,,,,
2013-01-22,13.2,33.51857142857143,14.3,2.67,2.81,2.74,0.81,0.73,0.77,0.26,1.8,0.0,0.37,,0,,,,
2013-01-29,13.4,33.58714285714286,13.6,2.27,2.53,2.4,1.1,1.11,1.1,0.39,3.0,0.0,0.75,,0,,,,
2013-02-05,13.785714285714286,33.401428571428575,12.9,2.27,2.26,2.27,0.55,0.53,0.54,0.5,5.3,0.0,0.0,,0,,,,
2013-02-19,13.957142857142856,33.567142857142855,13.2,1.5,1.55,1.52,0.74,0.77,0.75,0.4,5.0,0.0,0.69,,0,,,,
2013-02-19,13.957142857142856,33.567142857142855,14.0,2.13,2.22,2.17,1.24,1.42,1.33,0.36,4.2,0.0,0.99,,0,,,,
2013-02-26,14.085714285714284,33.605714285714285,13.9,2.18,2.26,2.22,1.0,1.09,1.05,0.46,6.2,0.0,0.4,,0,,,,
2013-03-05,13.742857142857144,33.575714285714284,14.0,1.7,1.64,1.67,0.89,0.84,0.87,0.32,5.3,0.0,0.73,,0,2.75,,,
2013-03-19,14.6,33.51714285714286,14.1,1.17,1.27,1.22,0.68,0.63,0.66,0.28,3.5,0.0,0.39,,0,2.0745454545454547,,,
2013-03-19,14.6,33.51714285714286,14.1,2.27,2.39,2.33,1.02,0.99,1.0,0.27,5.9,0.0,0.49,,0,2.0745454545454547,,,
2013-03-26,14.928571428571429,33.51857142857143,14.4,3.22,3.26,3.24,1.18,1.19,1.18,0.27,5.8,0.0,0.49,,0,2.109302325581396,,,
2013-04-02,15.142857142857142,33.58142857142857,14.8,1.28,1.28,1.28,0.61,0.65,0.63,0.3,3.3,0.0,0.66,,0,1.6035714285714284,,,
2013-04-09,16.54,33.614,14.5,1.49,1.34,1.41,0.54,0.54,0.54,0.24,1.9,0.0,0.54,,0,3.0476190476190474,,,
2013-04-16,15.3,33.651428571428575,14.4,1.06,1.07,1.06,1.05,1.07,1.06,0.4,4.8,0.0,0.56,,0,1.9401197604790417,,,
2013-04-23,15.4,33.67428571428572,16.1,1.74,1.7,1.72,0.86,0.78,0.82,0.29,4.1,0.0,0.28,,0,2.0368421052631582,,,
2013-05-07,17.5,33.721428571428575,14.6,3.16,2.99,3.07,2.21,2.74,2.48,0.59,9.6,0.0,0.54,,0,3.183233532934132,,,
2013-05-07,17.5,33.721428571428575,15.4,2.58,2.71,2.64,0.71,0.67,0.69,0.37,0.0,0.0,0.0,,0,3.183233532934132,,,
2013-05-14,17.533333333333335,33.72,17.7,1.07,1.09,1.08,0.48,0.52,0.5,0.13,0.0,0.0,0.53,,0,3.0222891566265058,,,
2013-05-21,18.61428571428572,33.69714285714286,17.0,1.46,1.5,1.48,0.58,0.58,0.58,0.2,2.3,0.0,0.65,,0,2.8902439024390243,,,
2013-05-28,18.571428571428573,33.684285714285714,17.3,1.54,1.5,1.52,0.3,0.45,0.38,0.23,1.7,0.0,0.0,,0,2.2192307692307693,,,
2013-06-04,19.916666666666668,33.75,19.1,1.66,1.61,1.64,0.55,0.63,0.59,0.22,2.1,0.0,0.8,,0,3.584276729559748,,,
2013-06-11,20.1,33.77428571428571,19.6,0.57,0.63,0.6,0.31,0.31,0.31,0.21,4.3,0.0,0.97,,0,2.261963190184049,,,
2013-06-18,19.166666666666668,33.745,19.9,0.65,0.69,0.67,0.34,0.3,0.32,0.14,1.6,0.0,0.25,,0,2.8958579881656803,,,
2013-06-25,19.957142857142856,33.712857142857146,20.3,0.64,0.68,0.66,0.34,0.35,0.34,0.21,2.3,0.0,0.82,,0,3.1873493975903617,,,
2013-07-02,20.32857142857143,33.73571428571429,19.1,0.7,0.72,0.71,0.33,0.34,0.34,0.18,3.1,0.0,0.38,,0,3.340909090909091,,,
2013-07-09,20.685714285714287,33.72857142857143,20.6,1.14,1.12,1.13,0.39,0.42,0.41,0.13,3.3,0.0,0.34,,0,3.057926829268293,,,
2013-07-16,20.785714285714285,33.715714285714284,19.5,0.89,0.9,0.9,0.39,0.36,0.38,0.13,1.9,0.0,0.35,,0,2.666875,,,
2013-07-23,21.8,33.74428571428572,19.5,0.77,0.78,0.77,0.45,0.46,0.45,0.16,2.9,0.0,0.46,,0,3.1067484662576685,,,
2013-07-30,20.9,33.722857142857144,21.3,1.37,1.37,1.37,0.52,0.54,0.53,0.14,2.0,0.0,0.24,,0,2.0826923076923074,,,
2013-08-06,18.814285714285717,33.645714285714284,22.1,0.93,0.94,0.93,0.25,0.25,0.25,0.13,2.6,0.0,0.38,,0,2.276047904191617,,,
2013-08-13,18.97142857142857,33.628571428571426,20.1,1.78,1.76,1.77,0.35,0.42,0.39,0.12,3.7,0.0,0.46,,0,2.197005988023952,,,
2013-08-20,20.957142857142856,33.68714285714286,17.1,2.86,2.83,2.85,0.84,1.03,0.93,0.26,5.0,0.0,0.87,,0,2.542405063291139,,,
2013-08-27,20.642857142857142,33.67285714285715,20.0,1.01,1.04,1.03,0.42,0.41,0.41,0.17,2.1,0.0,0.47,,0,2.321428571428572,,,
2013-09-03,18.933333333333334,33.59166666666667,21.2,1.51,1.53,1.52,0.58,0.57,0.57,0.13,1.8,0.0,0.46,,0,2.401190476190476,,,
2013-09-10,20.32857142857143,33.597142857142856,19.7,1.03,1.05,1.04,0.42,0.5,0.46,0.17,2.5,0.0,0.85,,0,2.363855421686747,,,
2013-09-17,20.25714285714286,33.53428571428572,18.6,1.11,1.09,1.1,0.5,0.51,0.51,0.24,2.1,0.0,1.34,,0,1.7566265060240964,,,
2013-10-01,20.85,33.645,20.1,3.6,3.32,3.46,0.66,0.54,0.6,0.22,0.0,0.0,0.44,,0,1.3343373493975903,,,
2013-10-01,20.85,33.645,20.1,2.46,2.32,2.39,0.5,0.48,0.49,0.2,2.2,0.0,0.0,,0,1.3343373493975903,,,
2013-10-08,20.17142857142857,33.63285714285714,20.6,1.15,1.32,1.24,0.87,0.81,0.84,0.26,1.9,0.0,1.16,,0,1.290963855421687,,,
2013-10-15,20.11428571428572,33.682857142857145,20.0,1.26,1.21,1.23,0.37,0.47,0.42,0.28,1.7,0.0,0.92,,0,1.9795180722891568,,,
2013-10-22,19.585714285714285,33.695,19.4,1.92,1.87,1.9,0.66,0.63,0.64,0.28,2.1,0.0,0.59,,0,2.4212121212121214,,,
2013-10-29,19.666666666666668,33.71666666666667,18.8,1.22,1.22,1.22,0.63,0.64,0.63,0.27,3.1,0.0,0.54,,0,2.31437125748503,,,
2013-11-05,17.45714285714286,33.61571428571428,19.0,1.06,1.04,1.05,0.42,0.46,0.44,0.25,1.3,0.0,0.62,,0,2.0632530120481927,,,
2013-11-12,17.466666666666665,33.6,18.6,1.43,1.55,1.49,0.83,0.79,0.81,0.29,1.7,0.0,0.87,,0,3.360843373493976,,,
2013-11-19,17.6,33.61142857142857,16.4,2.18,2.21,2.19,1.29,1.38,1.33,0.44,3.3,0.0,0.69,,0,1.2934131736526946,,,
2013-11-26,17.516666666666666,33.60166666666667,17.2,0.86,0.87,0.86,0.32,0.38,0.35,0.33,2.2,0.0,0.53,,0,2.424550898203593,,,
2013-12-03,17.428571428571427,33.59,16.7,1.83,1.91,1.87,0.74,0.71,0.72,0.43,3.6,0.0,0.35,,0,2.377844311377246,,,
2013-12-10,16.928571428571427,33.57142857142857,17.4,0.96,0.93,0.94,0.39,0.42,0.4,0.31,2.1,0.0,0.55,,0,1.3509090909090908,,,
2013-12-17,16.242857142857144,33.64714285714286,16.9,1.83,1.67,1.75,0.56,0.77,0.66,0.3,2.6,0.0,0.79,,0,2.3263636363636366,,,
2013-12-24,15.714285714285714,33.63,16.5,1.39,1.33,1.36,0.64,0.67,0.66,0.34,2.3,0.0,0.67,,0,2.744171779141104,,,
2013-12-31,15.614285714285714,33.61714285714286,15.7,1.31,1.35,1.33,0.48,0.53,0.5,0.36,2.2,0.0,0.79,,0,1.4379518072289157,,,
2014-01-07,15.7,33.628571428571426,15.6,4.58,5.25,4.91,1.4,1.56,1.48,0.32,1.1,0.0,0.4,,0,4.174251497005988,,,
2014-01-14,16.04285714285714,33.60285714285714,15.5,1.02,1.07,1.05,0.56,0.61,0.59,0.26,1.3,0.0,1.32,,0,1.7819277108433735,,,
2014-01-21,15.6,33.593333333333334,15.3,0.81,0.89,0.85,0.6,0.57,0.58,0.3,3.7,0.0,22.1,,0,2.6505952380952382,,,
2014-01-28,15.757142857142856,33.60142857142857,15.7,0.89,0.93,0.91,0.59,0.47,0.53,0.14,2.4,0.0,0.0,,0,1.1835616438356165,,,
2014-02-04,16.17142857142857,33.59,15.4,1.25,1.2,1.22,0.83,0.83,0.83,0.3,3.3,0.0,20.47,,0,0.8922155688622755,,,
2014-02-11,15.916666666666666,33.61000000000001,15.5,0.91,0.91,0.91,0.49,0.46,0.47,0.25,4.2,0.0,1.0,,0,1.5357142857142858,,,
2014-02-18,15.771428571428572,33.58142857142857,16.4,0.91,0.93,0.92,0.54,0.57,0.55,0.23,2.9,0.0,0.74,,0,1.0475,,,
2014-02-25,15.757142857142856,33.54857142857143,15.5,1.02,0.99,1.01,0.47,0.39,0.43,0.25,3.7,0.0,0.33,,0,1.3611111111111112,,,
2014-03-04,16.433333333333334,33.54833333333334,15.5,1.61,1.33,1.47,0.73,0.68,0.7,0.36,4.0,0.0,0.9,,0,3.191875,,,
2014-03-11,16.685714285714287,33.50285714285714,15.5,1.23,1.33,1.28,0.28,0.27,0.27,0.12,0.0,0.0,0.57,,0,3.2395209580838324,,,
2014-03-18,17.314285714285713,33.48,16.6,2.35,2.32,2.34,0.49,0.48,0.48,0.12,2.4,0.0,0.76,,0,1.1701863354037267,,,
2014-03-25,18.15714285714285,33.47571428571428,16.3,0.96,0.94,0.95,0.41,0.44,0.43,0.23,2.4,0.0,0.78,,0,1.362874251497006,,,
2014-04-01,18.2,33.51,16.8,1.33,1.32,1.32,0.67,0.81,0.74,0.19,3.4,0.0,0.74,,0,3.1838323353293414,,,
2014-04-08,17.433333333333334,33.52666666666667,17.7,1.33,1.42,1.37,0.54,0.52,0.53,0.18,3.2,0.0,0.38,,0,1.9458333333333333,,,
2014-04-15,16.342857142857145,33.511428571428574,17.9,1.62,1.55,1.59,0.77,0.82,0.79,0.19,3.7,0.0,0.64,,0,2.181927710843373,,,
2014-04-29,16.8,33.56285714285714,16.8,2.2,2.07,2.14,0.67,0.98,0.83,0.19,4.8,0.0,0.52,,0,3.0225352112676056,,,
2014-04-29,16.8,33.56285714285714,17.8,5.0,5.38,5.19,0.91,0.57,0.74,0.18,5.6,0.0,0.37,,0,3.0225352112676056,,,
2014-05-06,17.6,33.58,15.1,3.93,4.36,4.14,0.97,0.78,0.88,0.15,2.1,0.0,0.58,,0,3.4832,,,
2014-05-13,18.32,33.604,16.8,,,,,,,0.24,2.1,0.0,1.0,,0,2.018012422360248,,,
2014-05-20,17.871428571428574,33.61857142857143,17.9,1.8,1.65,1.73,0.58,0.47,0.53,0.17,2.6,0.0,2.31,,0,2.3773809523809524,,,
2014-05-27,19.566666666666663,33.62833333333334,16.7,2.15,2.25,2.2,0.77,0.85,0.81,0.29,5.5,0.0,0.45,,0,3.3041666666666667,,,
2014-06-03,19.866666666666667,33.65,18.8,0.49,0.64,0.57,0.13,0.12,0.12,0.16,3.0,0.0,1.19,,0,2.2261904761904763,,,
2014-06-10,21.0,33.67428571428572,19.2,0.71,0.69,0.7,0.11,0.12,0.11,0.17,5.1,0.0,0.81,,0,3.386826347305389,,,
2014-06-24,20.357142857142858,33.61714285714286,20.7,0.74,0.73,0.74,0.15,0.15,0.15,0.16,5.4,0.0,1.72,,0,3.0345454545454547,,,
2014-06-24,20.357142857142858,33.61714285714286,21.3,0.94,0.91,0.92,0.26,0.26,0.26,0.2,4.7,0.0,0.92,,0,3.0345454545454547,,,
2014-07-01,21.071428571428573,33.67142857142857,20.5,1.36,1.24,1.3,0.27,0.27,0.27,0.18,6.6,0.0,0.81,,0,2.3120481927710843,,,
2014-07-08,21.942857142857143,33.72857142857143,20.1,1.03,1.19,1.11,0.19,0.12,0.15,0.11,3.2,0.0,0.98,,0,2.386904761904762,,,
2014-07-15,22.55,33.695,21.4,0.82,0.92,0.87,0.27,0.28,0.27,0.16,1.9,0.0,0.56,,0,2.4791666666666665,,,
2014-07-22,23.2,33.742000000000004,20.7,2.51,2.51,2.51,0.2,0.34,0.27,0.0,3.2,0.0,1.13,,0,2.668452380952381,,,
2014-07-29,21.842857142857145,33.660000000000004,23.4,0.75,0.79,0.77,0.2,0.16,0.18,0.12,2.3,0.0,0.99,,0,3.1035714285714286,,,
2014-08-05,21.6,33.55714285714286,22.4,1.98,1.85,1.92,0.51,0.47,0.49,0.13,2.0,0.0,1.02,,0,1.9224242424242424,,,
2014-08-12,22.916666666666668,33.55166666666667,21.4,1.83,1.77,1.8,0.52,0.41,0.47,0.16,6.0,0.0,1.15,,0,2.6148809523809526,,,
2014-08-19,22.914285714285715,33.63,22.5,1.9,2.0,1.95,0.41,0.44,0.43,0.19,3.8,0.0,1.11,,0,2.884523809523809,,,
2014-08-26,22.48333333333333,33.60166666666667,23.2,1.3,1.31,1.31,0.32,0.35,0.34,0.12,3.2,0.0,1.12,,0,2.3482517482517484,,,
2014-09-02,22.485714285714288,33.62571428571429,23.1,1.1,1.15,1.13,0.23,0.2,0.22,0.16,2.2,0.0,0.99,,0,2.011904761904762,,,
2014-09-09,23.285714285714285,33.66428571428572,22.8,1.24,1.24,1.24,0.27,0.25,0.26,0.16,2.8,0.0,1.12,,0,2.3150943396226418,,,
2014-09-16,22.97142857142857,33.63,22.8,0.92,0.92,0.92,0.26,0.29,0.28,0.13,1.7,0.0,1.26,,0,2.561212121212121,,,
2014-09-30,22.46666666666667,33.56166666666667,22.3,1.09,1.1,1.09,0.56,0.51,0.53,0.16,2.1,0.0,0.58,,0,2.3875,,,
2014-09-30,22.46666666666667,33.56166666666667,23.1,0.97,0.97,0.97,0.24,0.28,0.26,0.17,1.6,0.0,1.25,,0,2.3875,,,
2014-10-07,21.185714285714287,33.53857142857142,24.1,2.08,1.98,2.03,0.41,0.44,0.42,0.19,2.1,0.0,1.13,,0,2.395625,,,
2014-10-14,22.683333333333334,33.61833333333333,21.9,0.97,0.95,0.96,0.26,0.27,0.27,0.21,2.1,0.0,1.51,,0,1.258,,,
2014-10-21,21.557142857142857,33.598571428571425,20.0,0.58,0.57,0.57,0.19,0.17,0.18,0.19,2.6,0.0,0.62,,0,2.217857142857143,,,
2014-10-28,21.3,33.63,23.0,0.83,0.95,0.89,0.33,0.05,0.19,0.16,1.7,0.0,0.86,,0,2.417261904761905,,,
2014-11-04,21.45,33.63333333333333,21.3,0.55,0.54,0.54,0.11,0.17,0.14,0.23,2.4,0.0,1.41,,0,1.2914110429447854,,,
2014-11-11,21.016666666666666,33.675000000000004,21.4,0.64,0.66,0.65,0.27,0.31,0.29,0.19,1.9,0.0,0.89,,0,1.6095238095238094,,,
2014-11-18,19.8,33.61666666666667,20.7,0.53,0.53,0.53,0.29,0.35,0.32,0.22,2.6,0.0,0.83,,0,2.5375,,,
2014-11-25,19.76,33.67,20.2,0.53,0.73,0.63,0.45,0.35,0.4,0.22,2.3,0.0,0.3,,0,1.8407185628742515,,,
2014-12-02,19.116666666666667,33.65,19.0,0.73,0.77,0.75,0.31,0.44,0.37,0.2,2.5,0.0,1.12,,0,2.757142857142857,,,
2014-12-09,18.82857142857143,33.63142857142857,19.3,0.95,0.92,0.93,0.38,0.39,0.39,0.21,2.2,0.0,1.07,,0,1.6785714285714286,,,
2014-12-16,18.585714285714285,33.542857142857144,18.5,0.56,0.59,0.58,0.35,0.4,0.37,0.22,2.5,0.0,0.87,,0,2.3263473053892216,,,
2014-12-23,18.142857142857142,33.5,18.6,0.43,0.42,0.42,0.18,0.19,0.18,0.2,1.5,0.0,0.6,,0,2.350595238095238,,,
2014-12-30,17.742857142857144,33.47428571428571,18.3,1.62,1.75,1.68,0.8,0.82,0.81,0.23,2.5,0.0,0.47,,0,2.018562874251497,,,
2015-01-06,17.32857142857143,33.48142857142857,17.8,0.87,0.84,0.85,0.38,0.44,0.41,0.24,2.2,0.0,0.87,,0,2.3018072289156626,,,
2015-01-13,16.1,33.52571428571429,17.5,1.25,1.19,1.22,0.85,0.76,0.81,0.23,2.5,0.0,0.81,,0,2.6839285714285714,,,
2015-01-20,16.516666666666666,33.48833333333334,16.7,1.25,1.09,1.17,0.43,0.53,0.48,0.21,2.6,0.0,0.56,,0,2.9095238095238094,,,
2015-01-27,17.057142857142857,33.45142857142857,16.0,0.89,0.93,0.91,0.41,0.39,0.4,0.22,2.4,0.0,0.54,,0,2.624550898203593,,,
2015-02-03,16.728571428571428,33.46714285714285,16.4,0.85,0.78,0.81,0.37,0.41,0.39,0.19,2.2,0.0,0.62,,0,3.707142857142857,,,
2015-02-10,16.985714285714288,33.43,16.4,0.84,0.8,0.82,0.45,0.36,0.4,0.19,2.0,0.0,0.41,,0,1.263095238095238,,,
2015-02-17,17.071428571428573,33.41428571428572,16.6,0.54,0.51,0.52,0.21,0.23,0.22,0.22,2.1,0.0,0.32,,0,1.3783132530120483,,,
2015-02-24,17.416666666666668,33.406666666666666,16.8,0.7,0.67,0.69,0.27,0.36,0.32,0.2,2.0,0.0,0.29,,0,1.775,,,
2015-03-03,17.54285714285714,33.39,16.8,1.31,1.28,1.29,0.54,0.55,0.54,0.2,2.5,0.0,0.51,,0,1.4727272727272729,,,
2015-03-17,16.985714285714284,33.40857142857143,17.3,0.22,0.21,0.22,0.09,0.11,0.1,0.21,3.5,0.0,0.42,,0,1.2869047619047618,,,
2015-03-17,16.985714285714284,33.40857142857143,17.0,0.75,0.77,0.76,0.5,0.45,0.48,0.2,1.9,0.0,0.69,,0,1.2869047619047618,,,
2015-03-24,17.383333333333333,33.37,16.5,0.68,0.68,0.68,0.49,0.54,0.51,0.22,2.7,0.0,0.47,,0,2.619047619047619,,,
2015-03-31,18.071428571428573,33.371428571428574,17.1,0.71,0.77,0.74,0.32,0.11,0.21,0.23,2.4,0.0,0.73,,0,3.429192546583851,,,
2015-04-07,18.95,33.38,17.2,0.7,0.72,0.71,0.21,0.29,0.25,0.19,2.9,0.0,0.85,,0,2.131736526946108,,,
2015-04-14,18.61428571428572,33.40714285714286,17.4,0.94,0.98,0.96,0.35,0.29,0.32,0.2,2.3,0.0,0.49,,0,1.601197604790419,,,
2015-04-21,17.728571428571428,33.43,18.7,1.09,1.09,1.09,0.22,0.16,0.19,0.13,1.2,0.0,0.64,,0,2.4808383233532934,,,
2015-04-28,17.37142857142857,33.41285714285714,18.5,1.31,1.36,1.33,0.49,0.53,0.51,0.17,1.8,0.0,0.49,,0,1.661309523809524,,,
2015-05-05,17.357142857142858,33.4,17.4,1.02,1.11,1.07,0.32,0.33,0.33,0.2,3.9,0.0,0.74,,0,2.6865853658536585,,,
2015-05-12,18.87142857142857,33.385714285714286,16.6,1.98,2.11,2.04,0.78,0.83,0.8,0.36,6.5,0.0,1.0,,0,3.030722891566265,,,
2015-05-19,18.228571428571428,33.40857142857143,16.9,1.14,1.15,1.14,0.36,0.34,0.35,0.25,3.2,0.0,1.12,,0,1.954037267080745,,,
2015-05-26,17.0,33.40833333333333,18.9,1.6,1.44,1.52,0.61,0.47,0.54,0.19,2.8,0.0,0.71,,0,2.888095238095238,,,
2015-06-02,18.342857142857145,33.41857142857143,18.0,1.85,1.85,1.85,0.48,0.66,0.57,0.18,3.4,0.0,0.55,,0,2.0119760479041915,,,
2015-06-09,18.9,33.43833333333333,16.7,2.38,2.53,2.46,0.74,0.73,0.74,0.22,4.6,0.0,0.59,,0,3.4963855421686745,,,
2015-06-23,17.242857142857144,33.38285714285714,18.6,2.51,2.47,2.49,0.65,0.71,0.68,0.19,3.7,0.0,0.77,,0,3.3357142857142854,,,
2015-06-23,17.242857142857144,33.38285714285714,19.4,1.7,1.66,1.68,0.23,0.18,0.21,0.13,5.4,0.0,0.22,,0,3.3357142857142854,,,
2015-06-30,19.433333333333334,33.45,19.3,1.18,1.15,1.16,0.33,0.33,0.33,0.18,4.8,0.0,0.38,,0,2.17710843373494,,,
2015-07-07,21.15714285714285,33.48285714285714,17.8,2.67,2.41,2.54,0.62,0.68,0.65,0.18,4.4,0.0,0.54,,0,2.9975757575757576,,,
2015-07-14,21.571428571428573,33.48285714285714,20.3,1.18,1.17,1.18,0.33,0.31,0.32,0.17,3.9,0.0,0.75,,0,2.26583850931677,,,
2015-07-21,21.557142857142857,33.53285714285715,20.4,1.78,1.78,1.78,0.31,0.4,0.36,0.19,3.5,0.0,0.55,,0,2.2541666666666664,,,
2015-07-28,20.842857142857145,33.42714285714286,20.9,1.31,1.27,1.29,0.39,0.37,0.38,0.15,3.5,0.0,0.39,,0,2.719642857142857,,,
2015-08-04,22.228571428571428,33.362857142857145,21.2,0.67,0.59,0.63,0.49,0.53,0.51,0.29,3.3,0.0,0.71,,0,2.296428571428572,,,
2015-08-11,22.32857142857143,33.43571428571429,19.9,1.72,1.59,1.65,0.4,0.38,0.39,0.25,5.2,0.0,0.37,,0,2.521428571428572,,,
2015-08-18,21.5,33.42428571428572,22.6,1.11,1.04,1.07,0.24,0.29,0.27,0.23,5.6,0.0,0.65,,0,2.431927710843373,,,
2015-08-25,22.83333333333333,33.45166666666667,21.1,1.5,1.5,1.5,0.42,0.49,0.45,0.21,4.0,0.0,0.32,,0,2.2047619047619045,,,
2015-09-01,22.98,33.510000000000005,21.2,0.96,0.91,0.94,0.45,0.46,0.46,0.22,4.5,0.0,0.45,,0,1.9664670658682637,,,
2015-09-08,24.28333333333333,33.53,22.5,1.09,1.08,1.09,0.22,0.22,0.22,0.17,4.0,0.0,0.48,,0,2.12,,,
2015-09-15,23.314285714285717,33.58714285714286,23.3,1.36,1.36,1.36,0.3,0.33,0.32,0.19,3.0,0.0,0.37,,0,,,,
2015-09-22,24.7,33.60285714285714,23.8,1.16,1.16,1.16,0.28,0.29,0.29,0.2,3.2,0.0,0.46,,0,1.9066666666666667,,,
2015-10-06,24.37142857142857,33.52,23.9,1.05,1.16,1.1,0.19,0.15,0.17,0.18,3.1,0.0,0.52,,0,2.302994011976048,,,
2015-10-06,24.37142857142857,33.52,24.0,0.84,0.85,0.84,0.5,0.32,0.41,0.24,3.9,0.0,0.45,,0,2.302994011976048,,,
2015-10-13,22.3,33.46142857142858,25.5,0.76,0.77,0.76,0.22,0.19,0.21,0.25,3.5,0.0,0.68,,0,1.2956521739130435,,,
2015-10-20,21.942857142857143,33.434285714285714,23.3,0.84,0.87,0.86,0.28,0.33,0.31,0.21,3.4,0.0,0.32,,0,2.5171779141104293,,,
2015-10-27,23.2,33.468333333333334,21.6,0.81,0.78,0.8,0.29,0.38,0.34,0.25,3.0,0.0,0.48,,0,1.6833333333333331,,,
2015-11-03,22.28333333333333,33.53333333333333,22.3,0.81,0.8,0.81,0.34,0.42,0.38,0.27,2.8,0.0,0.22,,0,2.6291666666666664,,,
2015-11-10,21.12,33.546,22.0,1.09,1.13,1.11,0.77,0.86,0.82,0.3,2.9,0.0,0.49,,0,1.91840490797546,,,
2015-11-17,19.942857142857143,33.542857142857144,22.2,0.59,0.62,0.61,0.26,0.27,0.27,0.23,3.1,0.0,0.59,,0,2.947305389221557,,,
2015-11-24,19.08,33.548,20.9,0.9,0.85,0.88,0.4,0.42,0.41,0.27,3.7,0.0,0.62,,0,2.348780487804878,,,
2015-12-01,19.885714285714283,33.667142857142856,19.7,0.51,0.49,0.5,0.19,0.16,0.18,0.24,3.1,0.0,0.44,,0,1.977245508982036,,,
2015-12-08,18.3,33.67,18.0,0.74,0.68,0.71,0.53,0.47,0.5,0.29,2.7,0.0,0.51,,0,4.1682634730538926,,,
2015-12-15,18.457142857142856,33.71,19.5,0.71,0.72,0.71,0.31,0.28,0.3,0.2,3.0,0.0,0.7,,0,3.6170731707317074,,,
2015-12-22,18.12857142857143,33.73571428571429,17.8,1.28,1.2,1.24,0.51,0.57,0.54,0.25,3.5,0.0,0.31,,0,1.7970059880239522,,,
2016-01-05,16.533333333333335,33.685,18.5,0.88,0.91,0.89,0.52,0.53,0.52,0.31,4.0,0.0,0.32,,0,8.079084967320261,,,
2016-01-12,15.7,33.678333333333335,17.4,0.93,0.99,0.96,0.51,0.45,0.48,0.34,4.3,0.0,0.95,,0,9.0,,,
2016-01-12,15.7,33.678333333333335,17.0,0.84,0.81,0.82,0.38,0.42,0.4,0.29,3.9,0.0,0.54,,0,9.0,,,
2016-01-19,16.0,33.42857142857143,15.8,1.46,1.44,1.45,0.57,0.56,0.56,0.37,4.7,0.0,0.62,,0,9.0,,,
2016-01-26,15.87142857142857,33.51285714285714,15.7,3.67,3.51,3.59,0.46,0.49,0.48,0.29,2.1,0.0,0.31,,0,9.0,,,
2016-02-02,16.240000000000002,33.594,15.8,1.39,1.43,1.41,0.71,0.6,0.65,0.42,5.0,0.0,1.04,,0,,,,
2016-02-09,16.016666666666666,33.64666666666667,15.8,2.41,2.35,2.38,1.05,1.02,1.03,0.37,4.9,0.0,0.47,,0,,,,
2016-02-16,15.45,33.63833333333333,15.8,1.53,1.56,1.55,1.0,0.99,1.0,0.39,4.9,0.0,0.63,,0,,,,
2016-03-01,16.583333333333332,33.608333333333334,14.8,2.01,2.8,2.4,1.27,0.29,0.78,0.5,5.2,0.0,1.31,,0,,,,
2016-03-01,16.583333333333332,33.608333333333334,15.1,1.78,1.7,1.74,0.94,1.11,1.02,0.43,5.6,0.0,0.41,,0,,,,
2016-03-08,17.057142857142857,33.62,16.0,0.9,0.9,0.9,0.52,0.44,0.48,0.34,3.1,0.0,0.84,,0,,,,
2016-03-15,17.349999999999998,33.6,16.5,1.98,1.99,1.99,0.48,0.58,0.53,0.34,3.6,0.0,0.35,,0,,,,
2016-03-22,17.114285714285714,33.53428571428572,16.8,1.76,1.81,1.78,0.55,0.35,0.45,0.25,4.1,0.0,0.55,,0,,,,
2016-03-29,17.55,33.53333333333333,16.9,1.57,1.29,1.43,1.18,0.84,1.01,0.25,3.9,0.0,0.66,,0,,,,
2016-04-12,16.685714285714287,33.57857142857143,16.4,2.47,2.3,2.38,0.94,1.02,0.98,0.32,5.5,0.0,0.63,,0,,,,
2016-04-12,16.685714285714287,33.57857142857143,16.4,2.82,2.85,2.83,1.15,1.1,1.13,0.21,5.6,0.0,0.54,,0,,,,
2016-04-19,16.97142857142857,33.535714285714285,16.3,2.33,2.51,2.42,0.84,0.88,0.86,0.32,3.8,0.0,0.45,,0,,,,
2016-04-26,18.06,33.553999999999995,15.7,1.73,1.53,1.63,1.19,1.08,1.13,0.43,5.1,0.0,0.63,,0,,,,
2016-05-03,18.616666666666667,33.59428571428571,16.9,1.92,1.92,1.92,0.56,0.5,0.53,0.26,3.9,0.0,0.28,,0,,,,
2016-05-10,18.35,33.6625,17.8,1.37,1.23,1.3,0.6,0.69,0.64,0.18,3.0,0.0,0.37,,0,,,,
2016-05-17,19.0,33.6225,17.6,1.1,1.18,1.14,0.51,0.35,0.43,0.3,2.9,0.0,0.5,,0,,,,
2016-05-24,18.35,33.58166666666667,18.0,0.56,0.61,0.58,0.13,0.25,0.19,0.26,2.5,0.0,0.64,,0,,,,
2016-05-31,18.78333333333333,33.623333333333335,18.9,1.14,2.24,1.69,0.31,0.0,0.0,0.21,3.0,0.0,0.84,,0,,,,
2016-06-07,19.25,33.67166666666667,18.0,0.77,0.75,0.76,0.23,0.29,0.26,0.21,3.6,0.0,0.5,,0,,,,
2016-06-14,18.58,33.644,18.7,1.76,1.79,1.77,0.5,0.53,0.51,0.23,4.0,0.0,0.24,,0,,,,
2016-06-28,19.514285714285712,33.63,19.0,3.51,3.45,3.48,1.13,1.23,1.18,0.12,3.4,0.0,0.88,,0,,,,
2016-06-28,19.514285714285712,33.63,17.9,5.63,5.63,5.63,1.44,1.49,1.46,0.21,7.0,0.0,0.38,,0,,,,
2016-07-05,20.75714285714286,33.65714285714286,18.6,2.23,2.22,2.23,0.37,0.42,0.39,0.18,3.9,0.0,0.52,,0,,,,
2016-07-12,22.02857142857143,33.67142857142857,17.6,3.83,3.47,3.65,1.14,1.02,1.08,0.35,6.1,0.0,0.64,,0,,,,
2016-07-19,22.11428571428572,33.73166666666666,20.7,2.89,3.01,2.95,0.48,0.48,0.48,0.22,5.3,0.0,0.56,,0,,,,
2016-08-02,24.17142857142857,33.76857142857143,22.0,2.68,2.53,2.61,0.84,0.99,0.91,0.0,4.6,0.0,0.59,,0,,,,
2016-08-02,24.17142857142857,33.76857142857143,20.0,2.78,2.72,2.75,0.78,0.88,0.83,0.18,4.4,0.0,0.4,,0,,,,
2016-08-09,23.83333333333333,33.71666666666667,23.5,4.53,4.36,4.45,0.59,0.7,0.64,0.0,3.3,0.0,0.69,,0,,,,
2016-08-16,23.53333333333333,33.7,23.7,4.12,3.96,4.04,0.31,0.36,0.33,0.0,2.5,0.0,0.34,,0,,,,
2016-08-23,23.75714285714286,33.722857142857144,24.3,5.3,4.94,5.12,0.18,0.39,0.29,0.11,2.0,0.0,0.87,,0,,,,
2016-08-30,18.642857142857142,33.47714285714286,22.4,6.86,7.29,7.07,2.9,2.31,2.61,0.17,3.3,0.0,0.53,,1,,,,
2016-09-06,20.52,33.498000000000005,22.2,3.71,5.07,4.39,3.62,5.69,4.65,0.16,3.6,0.0,0.71,,0,,,,
2016-09-13,22.3,33.56333333333333,19.1,2.12,2.05,2.08,0.66,0.72,0.69,0.29,4.5,0.0,1.05,,0,,,,
2016-09-20,21.66,33.596000000000004,20.9,2.21,2.33,2.27,0.9,0.9,0.9,0.24,3.6,0.0,0.61,,0,,,,
2016-10-04,20.133333333333333,33.39833333333333,21.2,1.81,1.87,1.84,0.42,0.29,0.35,0.23,2.9,0.0,0.46,,0,,,,
2016-10-04,20.133333333333333,33.39833333333333,20.3,1.56,1.54,1.55,0.42,0.43,0.42,0.27,3.0,0.0,0.4,,0,,,,
2016-10-11,19.842857142857145,33.39142857142857,19.0,2.58,3.02,2.8,0.58,0.56,0.57,0.29,3.8,0.0,0.37,,0,,,,
2016-10-18,21.16,33.462,18.0,1.27,1.36,1.31,0.3,0.39,0.34,0.31,3.6,0.0,0.67,,0,,,,
2016-10-25,19.0,33.415,18.8,1.86,1.9,1.88,0.56,0.35,0.45,0.35,3.5,0.0,0.83,,0,,,,
2016-11-01,19.014285714285712,33.40714285714286,19.9,1.97,1.87,1.92,0.19,0.21,0.2,0.2,3.3,0.0,0.38,,0,,,,
2016-11-08,18.6,33.38,17.9,2.24,2.25,2.25,0.64,0.77,0.7,0.3,3.8,0.0,0.76,,0,,,,
2016-11-15,19.1,33.45666666666667,17.2,2.56,2.54,2.55,0.97,0.99,0.98,0.24,3.4,0.0,0.77,,0,,,,
2016-11-22,18.75,33.45,18.6,1.83,1.85,1.84,0.57,0.68,0.63,0.23,2.8,0.0,0.35,,0,1.3,,,
2016-11-29,18.475,33.465,18.6,1.13,1.21,1.17,0.45,0.39,0.42,0.26,2.4,0.0,1.21,,0,1.4615853658536584,,,
2016-12-06,17.24,33.406,19.1,1.22,1.06,1.14,0.16,0.22,0.19,0.21,2.2,0.0,0.6,,0,1.6615384615384614,,,
2016-12-13,15.985714285714286,33.37285714285714,17.6,0.95,1.04,1.0,0.4,0.36,0.38,0.29,2.5,0.0,0.38,,0,1.095625,,,
2016-12-20,16.085714285714285,33.37714285714286,16.4,1.32,1.43,1.37,0.67,0.65,0.66,0.15,2.8,0.0,0.8,,0,2.1809523809523808,,,
2016-12-27,15.66,33.306,14.8,1.83,1.79,1.81,0.9,0.65,0.78,0.39,3.6,0.0,0.6,,0,2.8586826347305387,,,
2017-01-03,15.37142857142857,33.28857142857143,15.7,1.58,1.63,1.6,0.77,0.76,0.77,0.32,2.4,0.0,1.3,,0,2.4261904761904765,,,
2017-01-10,15.416666666666666,33.330000000000005,14.3,2.54,2.6,2.57,0.94,1.01,0.98,0.61,4.7,0.0,0.55,,0,1.804375,,,
2017-01-17,15.814285714285717,33.32142857142857,15.3,1.15,1.11,1.13,0.43,0.4,0.41,0.55,2.9,0.0,1.48,,0,2.806547619047619,,,
2017-01-24,15.425,33.307500000000005,15.2,0.88,0.9,0.89,0.37,0.4,0.38,0.13,2.1,0.0,0.99,,0,3.7078313253012047,,,
2017-01-31,15.175,33.0925,15.5,1.18,1.15,1.16,0.54,0.45,0.5,0.32,2.9,0.0,0.82,,0,1.921686746987952,,,
2017-02-07,15.05714285714286,33.23428571428571,15.0,1.23,1.28,1.26,0.51,0.56,0.54,0.4,3.7,0.0,1.17,,0,1.6333333333333333,,,
2017-02-14,15.185714285714283,33.30285714285714,14.6,0.85,0.8,0.82,0.69,0.67,0.68,0.43,4.9,0.0,2.15,,0,2.457317073170732,,,
2017-02-21,15.316666666666668,33.26,14.7,1.77,1.74,1.76,0.58,0.6,0.59,0.43,4.6,0.0,0.85,,0,5.172023809523809,,,
2017-02-28,15.285714285714286,33.23428571428571,14.7,1.26,1.08,1.17,0.48,0.48,0.48,0.33,3.1,0.0,1.19,,0,2.6547619047619047,,,
2017-03-07,15.1,33.262,14.3,2.34,2.34,2.34,1.08,1.1,1.09,0.5,5.8,0.0,1.61,,0,1.68875,,,
2017-03-14,15.157142857142857,33.02428571428572,15.2,1.11,1.09,1.1,0.64,0.58,0.61,0.22,3.4,0.0,1.25,,0,2.3023809523809526,,,
2017-03-21,16.333333333333332,33.12833333333334,14.5,1.47,1.59,1.53,0.78,0.7,0.74,0.54,5.2,0.0,1.0,,0,2.948502994011976,,,
2017-03-28,16.5,33.16166666666667,14.9,2.51,2.52,2.52,0.9,0.97,0.93,0.4,6.6,0.0,1.19,,0,3.725465838509317,,,
2017-04-04,17.285714285714285,33.214285714285715,16.1,2.56,2.66,2.61,1.0,0.92,0.96,0.27,6.0,0.0,0.67,,0,2.9369047619047617,,,
2017-04-11,17.349999999999998,33.333333333333336,16.1,2.61,2.63,2.62,1.26,1.25,1.25,0.31,5.1,0.0,0.98,,0,1.1351190476190476,,,
2017-04-18,16.966666666666665,33.413333333333334,15.0,5.46,6.31,5.88,0.94,1.16,1.05,0.42,6.5,0.0,1.32,,0,1.4560240963855422,,,
2017-04-25,16.2,33.41,17.2,6.98,5.41,6.2,0.9,0.93,0.92,0.22,4.3,0.0,0.53,,1,3.0550898203592816,,,
2017-05-02,16.919999999999998,33.492000000000004,15.5,9.58,7.7,8.64,0.98,1.37,1.18,0.34,6.8,0.0,0.65,,1,2.3121019108280256,,,
2017-05-09,17.275,33.54,15.9,11.19,10.87,11.03,2.27,2.11,2.19,0.29,9.0,0.0,0.7,,1,2.1922619047619047,,,
2017-05-16,17.26,33.5,16.7,3.53,3.81,3.67,1.03,1.05,1.04,0.27,2.7,0.0,1.19,,0,2.1963855421686747,,,
2017-05-23,17.333333333333332,33.52166666666667,17.0,3.3,3.55,3.43,1.05,0.95,1.0,0.23,1.5,0.0,1.34,,0,2.132919254658385,,,
2017-05-30,19.185714285714287,33.565714285714286,16.4,4.98,5.22,5.1,0.99,0.81,0.9,0.57,2.0,0.0,1.05,,0,1.9593939393939397,,,
2017-06-06,17.28333333333333,33.57,17.2,4.57,4.41,4.49,0.84,0.95,0.9,0.21,3.4,0.0,0.49,,0,3.111309523809524,,,
2017-06-13,17.966666666666665,33.54833333333333,19.1,3.12,3.28,3.2,1.04,1.17,1.1,0.15,3.2,0.0,0.59,,0,3.3975,,,
2017-06-20,18.866666666666667,33.56166666666667,14.7,8.93,8.5,8.71,3.74,3.09,3.42,0.51,3.2,0.0,0.54,,1,2.361309523809524,,,
2017-06-27,21.46,33.622,18.0,1.76,1.77,1.77,0.89,0.89,0.89,0.16,1.1,0.0,1.14,,0,2.3012121212121213,,,
2017-07-04,18.383333333333333,33.586666666666666,18.5,2.24,2.4,2.32,0.9,0.87,0.88,0.29,3.0,0.0,0.71,,0,2.3741935483870966,,,
2017-07-11,19.96,33.558,21.1,2.69,2.8,2.75,0.88,0.82,0.85,0.15,2.5,0.0,0.84,,0,2.719117647058824,,,
2017-07-18,21.842857142857145,33.567142857142855,16.9,3.14,3.13,3.14,0.8,0.83,0.82,0.32,6.3,0.0,0.86,,0,,,,
2017-07-25,23.7,33.60666666666666,20.0,2.82,3.02,2.92,0.41,0.44,0.42,0.17,7.5,0.0,0.47,,0,,,,
2017-08-01,24.066666666666663,33.64,22.4,1.59,1.57,1.58,0.4,0.44,0.42,0.0,4.5,0.0,0.63,,0,,,,
2017-08-08,24.1,33.68666666666667,23.2,1.31,1.3,1.3,0.29,0.42,0.35,0.0,2.3,0.0,0.57,,0,,,,
2017-08-15,23.766666666666666,33.64333333333333,23.8,2.03,2.05,2.04,0.57,0.61,0.59,0.0,1.9,0.0,0.55,,0,2.66697247706422,,,
2017-08-22,20.71666666666667,33.51166666666666,23.7,2.76,3.08,2.92,1.13,1.51,1.32,0.0,1.3,0.0,0.68,,0,2.072619047619048,,,
2017-08-29,21.2,33.546,21.8,2.42,2.43,2.43,0.86,0.8,0.83,0.11,2.1,0.0,0.49,,0,2.207878787878788,,,
2017-09-05,21.83333333333333,33.57833333333333,19.9,2.49,2.54,2.52,0.54,0.54,0.54,0.21,3.3,0.0,0.9,,0,1.9202380952380955,,,
2017-09-12,23.03333333333333,33.53333333333333,21.9,2.8,2.69,2.75,0.43,0.45,0.44,0.0,0.0,0.0,0.37,,0,2.2415254237288136,,,
2017-09-19,22.585714285714285,33.50285714285714,21.0,2.35,2.38,2.37,0.64,0.86,0.75,0.11,0.0,0.0,0.31,,0,2.171428571428572,,,
2017-10-03,20.683333333333334,33.48666666666667,22.5,1.71,1.75,1.73,0.39,0.34,0.36,0.0,1.2,0.0,0.42,,0,1.6826347305389222,,,
2017-10-03,20.683333333333334,33.48666666666667,21.8,1.16,1.25,1.2,0.49,0.48,0.49,0.14,1.4,0.0,0.57,,0,1.6826347305389222,,,
2017-10-10,21.15,33.48666666666667,21.1,1.3,1.35,1.32,0.5,0.5,0.5,0.15,1.6,0.0,1.2,,0,2.630952380952381,,,
2017-10-17,20.55,33.50333333333333,19.8,1.26,1.19,1.22,0.55,0.51,0.53,0.14,2.1,0.0,0.62,,0,2.5648809523809524,,,
2017-10-24,20.814285714285717,33.511428571428574,20.2,0.76,0.8,0.78,0.31,0.33,0.32,0.14,2.1,0.0,1.09,,0,2.9547619047619045,,,
2017-10-31,20.34,33.534000000000006,19.7,0.9,0.97,0.94,0.35,0.4,0.37,0.2,2.7,0.0,1.18,,0,2.0732142857142857,,,
2017-11-07,20.2,33.54666666666667,20.3,1.37,1.41,1.39,0.52,0.55,0.54,0.2,2.9,0.0,1.09,,0,2.1482142857142854,,,
2017-11-14,19.14,33.53,18.9,1.97,2.03,2.0,0.94,0.88,0.91,0.26,3.7,0.0,0.56,,0,1.505952380952381,,,
2017-11-21,17.857142857142858,33.47428571428571,19.4,1.44,1.54,1.49,0.53,0.48,0.5,0.14,2.5,0.0,1.27,,0,2.310119047619048,,,
2017-11-28,17.125,33.4525,18.1,1.98,1.96,1.97,0.52,0.65,0.59,0.31,3.4,0.0,0.54,,0,1.3392857142857142,,,
2017-12-05,17.6,33.468,17.3,1.5,1.6,1.55,0.9,0.79,0.85,0.32,3.4,0.0,0.75,,0,2.3297619047619045,,,
2017-12-12,16.75,33.49,15.7,2.45,2.35,2.4,0.81,0.88,0.85,0.42,4.8,0.0,0.32,,0,1.960119047619048,,,
2017-12-19,16.866666666666667,33.498333333333335,17.1,1.84,1.79,1.82,0.65,0.73,0.69,0.33,2.8,0.0,0.56,,0,1.1071428571428572,,,
2017-12-26,16.849999999999998,33.57333333333333,16.5,0.88,0.82,0.85,0.44,0.45,0.45,0.26,2.5,0.0,0.38,,0,1.2724550898203593,,,
2018-01-02,16.21666666666667,33.59166666666667,16.4,0.8,0.83,0.81,0.5,0.46,0.48,0.28,2.3,0.0,0.61,,0,1.398214285714286,,,
2018-01-09,16.728571428571428,33.57857142857143,16.4,0.65,0.69,0.67,0.36,0.35,0.36,0.42,2.3,0.0,0.63,,0,1.5136904761904764,,,
2018-01-16,16.660000000000004,33.553999999999995,15.6,1.24,1.22,1.23,0.48,0.54,0.51,0.25,2.5,0.0,0.44,,0,1.4595238095238094,,,
2018-01-30,16.3,33.48500000000001,16.3,0.68,0.65,0.67,0.37,0.39,0.38,0.3,2.5,0.0,0.54,,0,1.1029761904761906,,,
2018-01-30,16.3,33.48500000000001,16.3,0.94,0.96,0.95,0.6,0.66,0.63,0.35,2.7,0.0,1.25,,0,1.1029761904761906,,,
2018-02-13,16.05,33.51833333333334,16.3,0.89,0.86,0.88,0.59,0.58,0.58,0.32,3.1,0.0,0.92,,0,2.222289156626506,,,
2018-02-13,16.05,33.51833333333334,15.5,1.22,1.23,1.22,0.61,0.56,0.59,0.37,3.4,0.0,0.43,,0,2.222289156626506,,,
2018-02-20,16.525,33.565,15.5,2.46,2.63,2.54,0.61,0.54,0.57,0.27,3.5,0.0,0.53,,0,2.869753086419753,,,
2018-02-27,16.583333333333332,33.56666666666667,15.7,1.29,1.23,1.26,0.27,0.3,0.29,0.26,2.3,0.0,0.64,,0,1.7684848484848483,,,
2018-03-06,14.966666666666669,33.598333333333336,16.2,1.03,1.03,1.03,0.32,0.27,0.3,0.27,2.3,0.0,0.33,,0,0.9113095238095238,,,
2018-03-13,15.26,33.548,15.9,1.31,1.44,1.37,0.54,0.6,0.57,0.36,1.8,0.0,1.05,,0,2.1517857142857144,,,
2018-03-20,15.24,33.518,14.4,1.83,1.77,1.8,0.73,0.72,0.73,0.4,3.7,0.0,0.48,,0,2.6648809523809525,,,
2018-03-27,15.428571428571429,33.49857142857143,14.5,1.43,1.49,1.46,0.52,0.49,0.51,0.3,4.7,0.0,0.0,,0,4.464880952380953,,,
2018-04-03,14.916666666666666,33.53666666666667,15.4,2.03,2.05,2.04,0.62,0.63,0.62,0.22,2.1,0.0,0.0,,0,3.247904191616766,,,
2018-04-10,16.04,33.57,14.8,1.69,1.65,1.67,0.7,0.77,0.73,0.33,4.2,0.0,0.39,,0,1.744047619047619,,,
2018-04-17,16.916666666666668,33.57833333333333,13.1,3.14,3.34,3.24,1.68,1.87,1.78,0.81,11.4,0.0,0.25,,0,3.356547619047619,,,
2018-04-24,17.22,33.608000000000004,13.6,5.21,5.21,5.21,1.39,1.5,1.45,0.41,8.6,0.0,0.33,,0,2.6095238095238096,,,
2018-05-08,15.066666666666668,33.733333333333334,17.5,2.07,2.24,2.15,0.6,0.5,0.55,0.16,4.6,0.0,0.31,,0,1.8620481927710848,,,
2018-05-08,15.066666666666668,33.733333333333334,15.9,2.41,2.41,2.41,0.94,1.13,1.03,0.32,7.0,0.0,0.47,,0,1.8620481927710848,,,
2018-05-15,16.116666666666667,33.68666666666667,16.8,4.79,5.13,4.96,1.81,1.75,1.78,0.12,8.0,0.0,0.0,,0,2.2452380952380957,,,
2018-05-22,17.214285714285715,33.712857142857146,14.2,3.49,3.45,3.47,1.5,1.56,1.53,0.74,13.4,0.0,1.18,,0,3.1767857142857148,,,
2018-05-29,17.942857142857143,33.71714285714286,16.0,5.74,6.08,5.91,3.02,3.4,3.21,0.5,12.3,0.0,0.35,,0,2.788095238095238,,,
2018-06-05,18.0,33.715714285714284,18.2,2.26,2.38,2.32,1.3,1.35,1.32,0.18,5.3,0.0,0.0,,0,2.5482142857142858,,,
2018-06-12,18.62857142857143,33.71857142857143,17.0,5.41,6.27,5.84,4.23,5.92,5.07,0.29,5.9,0.0,0.6,,0,3.1880952380952383,,,
2018-06-26,20.857142857142858,33.77,18.1,3.26,3.48,3.37,2.44,2.41,2.43,0.2,4.7,0.0,0.0,,0,2.925,,,
2018-06-26,20.857142857142858,33.77,19.1,3.39,3.51,3.45,2.51,2.48,2.49,0.19,5.7,0.0,0.41,,0,2.925,,,
2018-07-03,20.01666666666667,33.803333333333335,20.0,3.64,3.59,3.61,1.99,1.9,1.95,0.15,3.8,0.0,0.32,,0,2.3541666666666665,,,
2018-07-10,21.366666666666664,33.85166666666667,19.7,2.95,2.86,2.91,1.66,2.05,1.86,0.0,3.1,0.0,0.22,,0,2.397604790419161,,,
2018-07-17,22.714285714285715,33.88142857142857,20.0,0.8,0.88,0.84,0.29,0.31,0.3,0.14,1.4,0.0,0.0,,0,2.5880952380952382,,,
2018-07-24,23.416666666666668,33.85,21.4,2.01,2.02,2.01,0.39,0.36,0.38,0.0,1.4,0.0,0.0,,0,2.8150602409638554,,,
2018-07-31,23.05,33.835,23.0,1.15,1.16,1.15,0.15,0.2,0.18,0.0,1.7,0.0,0.35,,0,2.8970238095238097,,,
2018-08-07,24.557142857142857,33.89,21.2,2.26,2.26,2.26,0.42,0.48,0.45,0.13,3.3,0.0,0.58,,0,2.4708333333333337,,,
2018-08-14,25.357142857142858,33.92,23.1,1.19,1.2,1.19,0.17,0.27,0.22,0.11,1.6,0.0,0.33,,0,2.430357142857143,,,
2018-08-21,25.62857142857143,33.88142857142857,25.3,1.77,1.76,1.77,0.21,0.29,0.25,0.0,0.0,0.0,0.3,,0,2.6107142857142858,,,
2018-08-28,23.71666666666667,33.85333333333333,25.5,2.54,2.59,2.56,0.69,0.68,0.68,0.0,1.1,0.0,0.0,,0,2.2377245508982035,,,
2018-09-04,24.48333333333333,33.89666666666667,25.1,1.1,1.07,1.08,0.12,0.19,0.15,0.0,1.4,0.0,0.0,,0,1.6797619047619048,,,
2018-09-11,23.7,33.87,23.1,1.48,1.46,1.47,0.35,0.33,0.34,0.35,2.2,0.0,0.0,,0,1.7625000000000002,,,
2018-09-18,22.78,33.916,23.7,2.77,2.8,2.78,0.35,0.38,0.36,0.13,1.3,0.0,0.0,,0,2.101197604790419,,,
2018-10-02,21.58333333333333,33.781666666666666,23.1,6.55,6.85,6.7,0.77,1.16,0.96,0.0,0.0,0.0,0.41,,0,2.8125,,,
2018-10-02,21.58333333333333,33.781666666666666,21.3,1.65,1.61,1.63,0.35,0.36,0.35,0.23,1.6,0.0,0.46,,0,2.8125,,,
2018-10-09,20.74285714285714,33.76,21.9,1.61,1.64,1.62,0.41,0.35,0.38,0.14,1.9,0.0,0.0,,0,2.6166666666666667,,,
2018-10-16,19.28,33.642,21.3,1.7,1.64,1.67,0.26,0.26,0.26,0.11,2.1,0.0,0.0,,0,1.9273809523809524,,,
2018-10-23,19.3,33.6,20.3,1.2,1.17,1.19,0.2,0.2,0.2,0.0,2.5,0.0,0.0,,0,2.1791666666666667,,,
2018-10-30,18.942857142857143,33.63857142857143,18.7,0.17,0.97,0.57,0.0,0.06,0.0,0.18,2.8,0.0,0.27,,0,1.901190476190476,,,
2018-11-06,19.457142857142856,33.70285714285715,18.1,1.43,1.44,1.44,0.18,0.19,0.18,0.23,2.8,0.0,0.53,,0,2.532142857142857,,,
2018-11-13,19.6,33.75,18.8,0.79,0.8,0.8,0.0,0.0,0.0,0.17,2.6,0.0,0.0,,0,2.179761904761905,,,
2018-11-20,19.5,33.742000000000004,19.0,1.02,1.05,1.04,0.05,0.05,0.05,0.12,2.4,0.0,0.0,,0,1.2952380952380953,,,
2018-11-27,18.37142857142857,33.747142857142855,19.0,0.46,0.44,0.45,0.17,0.18,0.17,0.12,2.1,0.0,0.25,,0,1.405988023952096,,,
2018-12-11,17.56,33.622,17.5,0.73,0.71,0.72,0.37,0.43,0.4,0.24,2.7,0.0,0.21,,0,2.0154761904761904,,,
2018-12-11,17.56,33.622,18.2,0.6,0.59,0.6,0.0,0.0,0.0,0.2,2.2,0.0,0.34,,0,2.0154761904761904,,,
2018-12-18,17.233333333333334,33.666666666666664,17.9,0.92,1.08,1.0,0.2,0.28,0.24,0.19,2.4,0.0,0.0,,0,1.8470238095238096,,,
2018-12-25,17.099999999999998,33.66,17.1,1.02,0.99,1.0,0.22,0.17,0.19,0.25,2.9,0.0,0.4,,0,2.3323353293413174,,,
2019-01-01,16.966666666666665,33.70166666666667,16.9,0.64,0.62,0.63,0.09,0.07,0.08,0.4,1.7,0.0,0.65,,0,3.8119047619047617,,,
2019-01-08,15.983333333333334,33.69,16.8,1.13,1.1,1.11,0.51,0.48,0.49,0.4,1.8,0.0,0.59,,0,2.280357142857143,,,
2019-01-15,15.416666666666666,33.711666666666666,16.7,0.96,0.95,0.95,0.31,0.38,0.34,0.44,2.1,0.0,0.78,,0,1.8553333333333333,,,
2019-01-22,15.985714285714286,33.71857142857143,15.7,2.03,2.09,2.06,0.63,0.57,0.6,0.45,3.5,0.0,0.45,,0,1.659748427672956,,,
2019-01-29,16.099999999999998,33.65833333333333,15.3,0.71,0.69,0.7,0.46,0.48,0.47,0.48,2.5,0.0,0.42,20852.0,0,3.697590361445783,,,
2019-02-05,15.78,33.68,15.6,0.65,0.68,0.67,0.19,0.2,0.19,0.5,1.9,0.0,0.34,23347.0,0,3.246875,,,
2019-02-19,15.05,33.625,15.5,1.42,1.41,1.41,0.67,0.65,0.66,0.47,2.9,0.0,0.37,38468.0,0,3.113414634146342,,,
2019-02-19,15.05,33.625,15.3,1.47,1.49,1.48,0.6,0.6,0.6,0.44,3.1,0.0,0.63,60490.0,0,3.113414634146342,,,
2019-02-26,14.94,33.462,15.6,0.95,0.99,0.97,0.2,0.24,0.22,0.48,2.3,0.0,0.41,110141.0,0,1.64472049689441,,,
2019-03-05,14.533333333333331,33.44833333333333,14.8,1.57,1.54,1.56,0.47,0.57,0.52,0.49,2.2,0.0,0.0,267843.0,0,2.8186746987951805,,,
2019-03-19,15.22,33.562,14.5,0.74,0.74,0.74,0.39,0.42,0.4,0.58,5.4,0.0,1.31,43091.0,0,3.757738095238095,,,
2019-03-19,15.22,33.562,14.0,2.03,1.91,1.97,0.52,0.63,0.57,0.54,3.2,0.0,0.74,428048.0,0,3.757738095238095,,,
2019-03-26,16.240000000000002,33.544,14.6,1.5,1.49,1.49,0.7,0.82,0.76,0.54,0.0,0.0,0.88,399262.0,0,4.004761904761905,,,
2019-04-02,16.05,33.60166666666667,14.6,2.23,2.28,2.26,0.84,0.82,0.83,0.48,1.2,0.0,2.21,61441.0,0,2.399397590361446,,,
2019-04-09,16.740000000000002,33.628,15.7,1.32,1.46,1.39,0.6,0.49,0.55,0.47,2.3,0.0,0.8,55324.0,0,3.3646706586826345,,,
2019-04-16,16.383333333333333,33.625,15.8,1.56,1.52,1.54,1.01,0.91,0.96,0.44,2.1,0.0,0.93,268469.0,0,2.214723926380368,,,
2019-04-23,16.759999999999998,33.660000000000004,16.0,2.41,2.2,2.3,1.24,1.24,1.24,0.34,3.8,0.0,0.39,116629.0,0,2.8797619047619047,,,
2019-04-30,17.0,33.67666666666667,16.1,2.09,1.93,2.01,0.79,0.91,0.85,0.48,3.5,0.0,1.02,276604.0,0,2.003571428571429,,,
2019-05-07,18.55,33.7,16.0,2.74,2.65,2.7,0.64,0.66,0.65,0.38,5.1,0.0,0.62,103987.0,0,2.3925465838509314,,,
2019-05-14,18.25714285714286,33.69571428571429,17.0,0.46,0.44,0.45,0.07,0.07,0.07,0.28,3.7,0.0,0.41,54509.0,0,2.1940476190476192,,,
2019-05-21,18.4,33.675000000000004,17.8,1.48,1.38,1.43,0.52,0.5,0.51,0.29,3.4,0.0,0.43,79112.0,0,2.6529761904761906,,,
2019-05-28,18.5,33.685,18.4,0.9,0.92,0.91,0.27,0.35,0.31,0.24,3.7,0.0,1.14,50702.0,0,2.331547619047619,,,
2019-06-04,17.833333333333332,33.656666666666666,18.3,2.12,2.31,2.21,0.51,0.39,0.45,0.28,4.9,0.0,0.97,143309.0,0,2.4041666666666663,,,
2019-06-11,17.95,33.690000000000005,17.6,8.8,8.28,8.54,1.15,1.61,1.38,0.3,6.2,0.0,0.5,364843.0,1,2.681437125748503,,,
2019-06-25,19.916666666666668,33.75666666666667,17.2,5.82,5.83,5.82,0.56,0.64,0.6,0.27,6.6,0.0,0.42,440565.0,0,3.860119047619048,,,
2019-06-25,19.916666666666668,33.75666666666667,18.0,54.68,56.69,55.68,0.0,0.0,0.0,0.17,6.3,0.0,0.0,1359867.0,1,3.860119047619048,,,
2019-07-02,19.8,33.7625,19.2,6.27,6.28,6.28,1.11,0.8,0.95,0.21,4.0,0.0,0.6,303514.0,0,2.521428571428572,,,
2019-07-09,19.12857142857143,33.72714285714286,19.4,17.31,16.05,16.68,2.2,4.56,3.38,0.16,4.2,0.0,0.69,630809.0,1,2.4343373493975906,,,
2019-07-16,18.8,33.69857142857143,19.8,4.34,4.24,4.29,1.18,1.31,1.25,0.3,3.5,0.0,1.45,279734.0,0,2.2327380952380955,,,
2019-07-23,21.185714285714287,33.77571428571429,17.8,1.89,1.84,1.86,0.45,0.54,0.5,0.28,4.1,0.0,1.02,260959.0,0,2.3267857142857142,,,
2019-07-30,21.74285714285714,33.81428571428571,19.3,0.94,0.94,0.94,0.41,0.44,0.43,0.21,3.7,0.0,1.85,264088.0,0,2.032934131736527,,,
2019-08-06,23.014285714285712,33.79,21.3,3.21,3.3,3.26,1.03,1.1,1.07,0.0,1.8,0.0,0.23,296004.0,0,2.7553571428571426,,,
2019-08-13,22.7,33.81285714285714,22.2,1.73,1.74,1.74,0.65,0.75,0.7,0.14,1.1,0.0,1.3,180921.0,0,1.9583333333333333,,,
2019-08-20,21.366666666666664,33.755,22.8,1.87,1.97,1.92,0.68,0.74,0.71,0.14,2.0,0.0,0.73,146870.0,0,2.8549382716049383,,,
2019-08-27,21.9,33.75285714285714,21.5,1.82,1.86,1.84,0.92,1.02,0.97,0.11,2.3,0.0,0.58,142593.0,0,1.9065476190476192,,,
2019-09-03,20.52857142857143,33.69,21.4,5.99,6.52,6.26,1.6,1.79,1.69,0.0,2.1,0.0,0.21,377358.0,0,2.042603550295858,,,
2019-09-10,24.142857142857142,33.74,21.5,2.67,2.71,2.69,0.71,0.7,0.71,0.0,1.6,0.0,0.45,578866.0,0,1.7702702702702702,,,
2019-09-17,24.857142857142858,33.78142857142858,19.9,6.7,6.9,6.8,1.63,1.35,1.49,0.19,2.2,0.0,0.54,787884.0,1,2.226506024096386,,,
2019-10-01,22.04,33.754000000000005,25.2,4.21,4.62,4.42,1.53,1.55,1.54,0.0,0.0,0.0,0.0,210694.0,0,1.7988095238095236,,,
2019-10-01,22.04,33.754000000000005,24.2,2.15,2.01,2.08,0.54,0.82,0.68,0.0,1.0,0.0,0.21,117173.0,0,1.7988095238095236,,,
2019-10-08,21.25714285714286,33.73142857142857,23.6,1.77,1.79,1.78,0.63,0.7,0.67,0.0,1.4,0.0,0.0,108473.0,0,1.991082802547771,,,
2019-10-15,20.666666666666668,33.75333333333334,20.9,2.2,2.14,2.17,0.74,0.72,0.73,0.0,2.3,0.0,0.78,154418.0,0,2.1547619047619047,,,
2019-10-22,20.183333333333334,33.72,21.0,2.4,2.31,2.36,1.01,0.99,1.0,0.0,1.8,0.0,0.21,245314.0,0,1.988095238095238,,,
2019-10-29,18.857142857142858,33.67857142857143,19.3,2.2,2.14,2.17,0.93,0.87,0.9,0.17,2.8,0.0,0.34,369224.0,0,2.9321428571428574,,,
2019-11-05,19.27142857142857,33.682857142857145,18.9,1.29,1.42,1.36,0.43,0.47,0.45,0.0,3.1,0.0,0.57,300385.0,0,1.9065476190476192,,,
2019-11-12,18.883333333333333,33.70333333333333,17.9,0.19,0.12,0.16,3.11,3.17,3.14,0.17,4.2,0.0,0.75,426797.0,0,1.3954198473282444,,,
2019-11-19,18.68,33.68,19.7,0.97,1.0,0.98,0.38,0.43,0.41,0.0,1.9,0.0,0.0,256579.0,0,1.8416666666666663,,,
2019-11-26,17.785714285714285,33.64857142857143,18.7,0.84,0.84,0.84,0.34,0.33,0.33,0.12,2.4,0.0,0.98,60081.0,0,1.7234939759036143,,,
2019-12-10,16.68,33.534,18.4,0.95,0.94,0.94,0.49,0.5,0.49,0.13,2.1,0.0,1.13,41051.0,0,1.5017857142857145,,,
2019-12-10,16.68,33.534,16.9,1.26,1.3,1.28,0.58,0.66,0.62,0.2,3.9,0.0,0.87,65655.0,0,1.5017857142857145,,,
2019-12-17,16.933333333333334,33.5,16.9,1.4,1.46,1.43,0.73,0.74,0.74,0.21,3.0,0.0,0.78,254702.0,0,2.001190476190476,,,
2019-12-24,16.474999999999998,33.535,16.5,2.41,2.42,2.42,0.81,0.81,0.81,0.16,3.2,0.0,0.37,335430.0,0,3.106547619047619,,,
2019-12-31,15.833333333333334,33.56333333333333,16.8,1.28,1.28,1.28,0.62,0.67,0.64,0.15,2.6,0.0,0.42,118152.0,0,3.697619047619048,,,
2020-01-07,15.333333333333334,33.375,16.1,2.66,2.11,2.39,0.94,0.86,0.9,0.15,3.8,0.0,0.35,166463.0,0,1.9327380952380957,,,
2020-01-14,15.842857142857143,33.48571428571429,15.5,1.55,1.43,1.49,0.51,0.6,0.55,0.16,2.5,0.0,0.8,142057.0,0,2.296428571428572,,,
2020-01-21,15.957142857142856,33.55142857142857,15.1,1.59,1.67,1.63,0.65,0.65,0.65,0.24,3.3,0.0,1.25,79656.0,0,2.0970238095238094,,,
2020-01-28,15.657142857142857,33.56142857142857,15.5,1.06,1.17,1.11,0.62,0.71,0.67,0.18,3.0,0.0,0.57,115691.0,0,3.7215568862275448,,,
2020-02-04,15.84,33.546,15.3,1.14,1.09,1.12,0.55,0.61,0.58,0.32,3.6,0.0,0.83,125127.0,0,1.7482142857142855,,,
2020-02-18,15.185714285714283,33.55285714285714,15.4,1.47,1.36,1.42,0.61,0.74,0.68,0.27,2.8,0.0,0.47,87811.0,0,1.944642857142857,,,
2020-02-18,15.185714285714283,33.55285714285714,15.6,0.58,0.56,0.57,0.25,0.24,0.24,0.24,2.5,0.0,0.6,45129.0,0,1.944642857142857,,,
2020-02-25,15.542857142857144,33.53428571428572,15.5,0.79,0.82,0.8,0.55,0.56,0.56,0.29,2.7,0.0,0.75,65927.0,0,1.8065868263473053,,,
2020-03-03,15.971428571428572,33.53285714285715,14.8,0.99,1.0,0.99,0.37,0.35,0.36,0.26,2.9,0.0,0.52,98006.0,0,2.0566265060240965,,,
2020-03-17,16.557142857142857,33.565714285714286,15.6,0.94,0.85,0.9,0.42,0.48,0.45,0.33,2.5,0.0,0.84,226459.0,0,2.3035714285714284,,,
2020-03-17,16.557142857142857,33.565714285714286,15.7,0.83,0.84,0.84,0.29,0.28,0.28,0.28,2.4,0.0,0.29,101269.0,0,2.3035714285714284,,,
2020-03-24,16.485714285714284,33.37428571428571,15.8,0.82,0.84,0.83,0.31,0.28,0.3,0.23,2.1,0.0,0.37,204011.0,0,2.100595238095238,,,
2020-03-31,16.080000000000002,33.382,16.1,0.72,0.72,0.72,0.27,0.24,0.25,0.25,2.0,0.0,0.79,73435.0,0,2.7779761904761906,,,
2020-04-07,16.366666666666667,33.556666666666665,16.4,1.93,1.54,1.73,0.37,0.78,0.58,0.16,2.3,0.0,0.44,105075.0,0,2.1083333333333334,,,
2020-04-14,15.571428571428571,33.54142857142857,16.5,0.87,0.86,0.86,0.37,0.3,0.33,0.21,2.4,0.0,0.55,102221.0,0,2.867857142857143,,,
2020-04-21,16.014285714285712,32.43571428571429,16.3,,,,,,,0.28,3.8,0.0,0.66,,0,3.858333333333333,,,
2020-05-05,18.7,33.410000000000004,16.0,,,,,,,0.28,3.8,0.0,0.27,,0,3.5142857142857142,,,
2020-05-05,18.7,33.410000000000004,16.3,,,,,,,0.31,7.0,0.0,0.24,,0,3.5142857142857142,,,
2020-05-12,19.885714285714283,33.56428571428571,16.7,,,,,,,0.12,8.2,0.0,0.0,,0,3.5562874251497005,,,
2020-05-19,20.842857142857145,33.61142857142857,19.9,,,,,,,0.13,8.3,0.0,0.0,,0,3.120833333333333,,,
2020-05-26,20.428571428571427,33.69285714285714,19.5,,,,,,,0.32,11.0,0.0,0.32,,0,1.755952380952381,,,
2020-06-02,18.542857142857144,33.714285714285715,20.5,,,,,,,0.15,6.6,0.0,0.0,,0,2.0160714285714283,,,
2020-06-09,17.8,33.68,20.5,,,,,,,0.57,5.5,0.0,11.44,,0,2.1988095238095235,,,
2020-06-23,20.73333333333333,33.66166666666667,19.3,,,,,,,0.0,1.3,0.0,0.0,,0,3.1761904761904765,,,
2020-06-23,20.73333333333333,33.66166666666667,16.4,4.6,4.52,4.56,1.3,1.51,1.4,0.4,7.0,0.0,0.29,2319222.0,0,3.1761904761904765,,,
2020-06-30,20.514285714285712,33.72,19.0,1.64,1.56,1.6,0.61,0.75,0.68,0.26,3.2,0.0,0.34,550706.0,0,2.455,,,
2020-07-07,20.585714285714285,33.70285714285714,20.6,2.45,2.25,2.35,0.97,1.14,1.05,0.19,3.0,0.0,0.0,111328.0,0,2.5916666666666663,,,
2020-07-14,20.52857142857143,33.69571428571429,20.4,2.61,2.46,2.54,1.1,1.12,1.11,0.14,2.5,0.0,0.0,173721.0,0,2.232142857142857,,,
2020-07-21,23.185714285714287,33.77571428571429,20.0,2.14,2.01,2.08,0.8,0.91,0.86,0.17,3.8,0.0,0.26,146460.0,0,3.0404761904761903,,,
2020-07-28,22.014285714285712,33.738571428571426,22.2,2.49,2.38,2.44,0.62,0.67,0.65,0.1,3.9,0.0,0.0,169023.0,0,2.395833333333333,,,
2020-08-04,18.85,33.67333333333333,23.3,3.39,3.19,3.29,0.94,1.14,1.04,0.11,2.7,0.0,0.0,182972.0,0,2.0005952380952383,,,
2020-08-11,17.24285714285714,33.645714285714284,15.3,2.71,2.87,2.79,1.77,1.23,1.5,0.66,8.7,0.0,1.04,304140.0,0,2.3375,,,
2020-08-18,20.442857142857143,33.684285714285714,20.3,4.04,3.67,3.86,1.12,1.55,1.33,0.19,4.2,0.0,0.0,328546.0,0,2.7797619047619047,,,
2020-08-25,19.8,33.637142857142855,19.0,1.6,1.59,1.59,0.54,0.57,0.55,0.3,3.0,0.0,0.0,534434.0,0,1.9708333333333332,,,
2020-09-01,24.9,33.73285714285714,19.9,3.74,3.58,3.66,0.76,0.84,0.8,0.17,2.6,0.0,0.0,807284.0,0,2.6827380952380957,,,
2020-09-08,19.25714285714286,33.54142857142857,22.0,0.93,0.93,0.93,0.27,0.31,0.29,0.14,1.9,0.0,0.22,120299.0,0,2.4083333333333337,,,
2020-09-15,20.52857142857143,33.53285714285715,24.7,2.18,2.06,2.12,0.56,0.57,0.57,0.14,1.5,0.0,0.0,71772.0,0,1.914880952380952,,,
2020-09-22,22.457142857142856,33.644285714285715,17.3,1.62,1.7,1.66,0.41,0.46,0.44,0.37,3.3,0.0,0.0,372978.0,0,2.335329341317365,,,
2020-10-06,20.6,33.605714285714285,22.0,1.64,1.57,1.6,0.59,0.58,0.59,0.21,1.9,0.0,1.16,78297.0,0,1.893452380952381,,,
2020-10-06,20.6,33.605714285714285,21.9,1.58,1.58,1.58,0.37,0.42,0.39,0.1,1.7,0.0,0.0,94473.0,0,1.893452380952381,,,
2020-10-13,20.9,33.58714285714286,21.3,1.72,1.8,1.76,0.82,0.72,0.77,0.0,2.6,0.0,0.31,63072.0,0,1.8511904761904765,,,
2020-10-20,20.67142857142857,33.62285714285714,21.0,1.85,1.8,1.83,0.4,0.45,0.42,0.0,2.4,0.0,0.41,72180.0,0,1.5613095238095238,,,
2020-10-27,21.642857142857142,33.66142857142857,20.4,1.61,1.55,1.58,0.42,0.42,0.42,0.11,2.5,0.0,0.43,91754.0,0,1.911309523809524,,,
2020-11-03,20.557142857142857,33.66857142857143,21.2,1.78,1.77,1.78,0.44,0.49,0.46,0.0,2.2,0.0,0.0,94200.0,0,1.0708333333333333,,,
2020-11-10,18.242857142857144,33.607142857142854,21.1,1.64,1.59,1.61,0.36,0.47,0.42,0.0,2.1,0.0,0.0,104123.0,0,2.058433734939759,,,
2020-11-17,18.266666666666666,33.61,20.0,1.68,1.54,1.61,0.47,0.73,0.6,0.0,2.2,0.0,0.61,93657.0,0,1.144578313253012,,,
2020-11-24,16.52857142857143,33.58428571428571,17.8,1.46,1.44,1.45,0.45,0.39,0.42,0.18,3.6,0.0,0.34,57771.0,0,2.3251497005988027,,,
2020-12-01,15.94285714285714,33.55714285714286,17.4,2.03,2.02,2.02,1.03,1.01,1.02,0.25,3.1,0.0,0.61,228510.0,0,1.1208333333333331,,,
2020-12-08,16.82857142857143,33.61714285714286,15.6,4.88,4.64,4.76,1.02,1.16,1.09,0.26,4.1,0.0,0.0,502519.0,0,3.78972602739726,,,
2020-12-15,15.9,33.605714285714285,16.3,3.01,2.85,2.93,0.92,0.82,0.87,0.22,3.9,0.0,0.2,216527.0,0,2.0753164556962025,,,
2020-12-22,16.314285714285713,33.62285714285714,16.3,1.56,1.51,1.54,0.45,0.39,0.42,0.16,3.3,0.0,0.67,119529.0,0,1.443452380952381,,,
2020-12-29,15.428571428571429,33.597142857142856,15.7,1.57,1.42,1.5,0.35,0.4,0.37,0.2,2.8,0.0,0.42,72180.0,0,1.606547619047619,,,
2021-01-05,15.266666666666666,33.60333333333333,15.7,1.91,1.93,1.92,0.47,0.46,0.46,0.22,2.9,0.0,0.41,91486.0,0,1.1196428571428572,,,
2021-01-12,14.785714285714286,33.582857142857144,15.2,2.87,2.9,2.88,0.92,0.85,0.89,0.21,3.4,0.0,0.31,91618.0,0,1.925,,,
2021-01-19,14.514285714285714,33.58857142857143,14.8,2.98,2.82,2.9,0.66,0.75,0.7,0.24,3.6,0.0,0.39,178980.0,0,1.903636363636364,,,
2021-01-26,14.328571428571427,33.605714285714285,14.6,3.32,3.65,3.48,0.92,0.66,0.79,0.27,4.3,0.0,0.4,247818.0,0,2.032142857142857,,,
2021-02-02,15.4,33.59166666666667,13.9,4.25,4.19,4.22,0.8,0.63,0.71,0.46,5.7,0.0,0.23,169592.0,0,2.3208333333333333,,,
2021-02-09,14.533333333333331,33.52,15.0,5.4,5.48,5.44,0.93,0.54,0.73,0.17,3.5,0.0,3.94,281610.0,0,1.269047619047619,,,
2021-02-23,14.657142857142857,33.49428571428572,14.7,2.74,2.19,2.47,1.26,1.82,1.54,0.32,2.9,0.0,2.03,112645.0,0,3.1089285714285717,,,
2021-02-23,14.657142857142857,33.49428571428572,14.5,4.2,4.02,4.11,0.81,0.63,0.72,0.27,3.9,0.0,0.0,162083.0,0,3.1089285714285717,,,
2021-03-02,14.842857142857143,33.50714285714285,14.3,7.95,7.98,7.96,1.06,0.95,1.0,0.26,4.1,0.0,0.42,306017.0,1,2.917964071856288,,,
2021-03-16,14.8,33.57285714285714,14.7,3.23,3.24,3.23,0.64,0.75,0.7,0.2,2.6,0.0,0.3,200882.0,0,2.7035714285714283,,,
2021-03-16,14.8,33.57285714285714,14.4,2.46,2.45,2.46,0.66,0.62,0.64,0.33,6.1,0.0,0.0,166463.0,0,2.7035714285714283,,,
2021-03-23,15.042857142857144,33.542857142857144,14.6,1.74,1.94,1.84,0.34,0.49,0.42,0.26,5.5,0.0,0.52,193373.0,0,2.4656626506024097,,,
2021-03-30,14.357142857142858,33.568571428571424,14.6,4.37,4.37,4.37,0.81,1.01,0.91,0.29,9.5,0.0,2.57,314153.0,0,1.6976047904191616,,,
2021-04-06,14.828571428571427,33.644285714285715,14.9,5.95,5.75,5.85,1.1,1.08,1.09,0.16,5.1,0.0,0.31,262211.0,0,2.5113207547169814,,,
2021-04-13,16.057142857142857,33.63285714285714,13.3,8.02,9.18,8.6,1.31,1.35,1.33,0.63,13.5,0.0,0.49,386120.0,1,2.1222222222222222,,,
2021-04-20,17.557142857142857,33.66142857142857,14.8,8.29,8.38,8.34,0.51,0.03,0.27,0.28,8.2,0.0,0.31,536312.0,1,2.759677419354839,,,
2021-04-27,17.7,33.722857142857144,16.3,4.33,4.24,4.29,0.69,0.51,0.6,0.2,3.5,0.0,0.0,306018.0,0,2.943452380952381,,,
2021-05-04,17.014285714285712,33.707142857142856,17.7,3.66,3.66,3.66,0.74,0.67,0.71,0.0,4.0,0.0,0.0,212146.0,0,2.270833333333333,,,
2021-05-11,16.900000000000002,33.70857142857143,17.1,6.43,6.46,6.45,0.7,0.63,0.66,0.21,7.3,0.0,0.0,404268.0,0,2.095238095238096,,,
2021-05-18,18.428571428571427,33.72857142857143,16.4,1.92,1.94,1.93,0.32,0.33,0.33,0.22,8.8,0.0,0.27,348572.0,0,2.51437125748503,,,
2021-05-25,18.342857142857145,33.74142857142857,17.2,3.71,3.88,3.8,1.12,1.14,1.13,0.21,7.8,0.0,0.21,414281.0,0,3.439285714285714,,,
2021-06-01,18.8,33.766666666666666,18.0,4.62,4.55,4.59,0.68,0.84,0.76,0.0,5.2,0.0,0.24,326043.0,0,2.3166666666666664,,,
2021-06-08,19.785714285714285,33.78142857142857,18.1,4.03,3.8,3.91,0.59,0.72,0.65,0.14,5.8,0.0,1.23,165972.0,0,2.4392857142857145,,,
2021-06-15,19.61428571428572,33.778571428571425,19.4,1.51,1.62,1.56,0.3,0.3,0.3,0.0,3.7,0.0,0.29,,0,2.9452380952380954,,,
2021-06-29,19.816666666666663,33.665,19.6,2.37,2.43,2.4,0.75,0.74,0.75,0.0,3.1,0.0,0.37,,0,2.811309523809524,,,
2021-06-29,19.816666666666663,33.665,19.4,4.37,4.26,4.31,1.07,0.92,0.99,0.1,2.4,0.0,0.0,,0,2.811309523809524,,,
2021-07-06,19.816666666666663,33.65333333333333,19.9,1.39,1.42,1.4,0.43,0.45,0.44,0.0,2.5,0.0,0.23,,0,2.6595238095238094,,,
2021-07-13,20.266666666666666,33.66,19.7,1.34,1.3,1.32,0.43,0.45,0.44,0.15,2.4,0.0,0.6,,0,2.5160714285714283,,,
2021-07-20,22.2,33.684285714285714,19.1,1.47,1.87,1.67,0.48,0.66,0.57,0.19,2.5,0.0,0.96,,0,2.4730538922155687,,,
2021-08-03,23.285714285714285,33.667142857142856,21.0,2.13,2.18,2.15,0.65,0.68,0.66,0.0,1.0,0.0,0.37,,0,2.455952380952381,,,
2021-08-03,23.285714285714285,33.667142857142856,22.1,0.61,1.18,0.89,1.53,0.4,0.97,0.15,1.3,0.0,0.76,,0,2.455952380952381,,,
2021-08-10,19.17142857142857,33.558571428571426,23.4,1.4,1.34,1.37,0.31,0.33,0.32,0.13,1.5,0.0,0.43,,0,2.392857142857143,,,
2021-08-17,18.485714285714288,33.56285714285714,22.6,1.62,1.4,1.51,0.0,0.35,0.16,0.0,0.0,0.0,0.0,,0,1.9173652694610777,,,
2021-08-24,21.071428571428573,33.550000000000004,16.0,1.1,2.4,1.75,1.88,0.67,1.27,0.34,2.8,0.0,0.46,,0,2.1517857142857144,,,
2021-08-31,22.25714285714286,33.57285714285714,21.2,1.83,1.84,1.84,0.31,0.33,0.32,0.0,0.0,0.0,0.38,,0,2.5413173652694607,,,
2021-09-07,21.5,33.56,20.2,2.05,2.01,2.03,0.49,0.54,0.51,0.11,2.6,0.0,0.25,,0,1.8023809523809524,,,
2021-09-14,20.4,33.52,21.7,2.71,2.93,2.82,0.83,0.91,0.87,0.0,1.6,0.0,0.0,,0,1.6154761904761905,,,
2021-09-21,20.12857142857143,33.50285714285714,20.3,2.37,2.33,2.35,0.88,0.91,0.9,0.0,2.8,0.0,0.61,,0,2.561309523809524,,,
2021-10-05,18.642857142857142,33.472857142857144,20.3,2.1,2.04,2.07,0.46,0.46,0.46,0.12,3.0,0.0,0.26,,0,2.5136904761904764,,,
2021-10-05,18.642857142857142,33.472857142857144,17.1,4.82,4.86,4.84,1.14,1.11,1.12,0.36,5.6,0.0,0.22,,0,2.5136904761904764,,,
2021-10-12,19.12857142857143,33.49142857142857,18.8,2.11,2.19,2.15,0.55,0.55,0.55,0.27,4.9,0.0,0.76,138922.0,0,1.8916666666666668,,,
2021-10-19,19.185714285714287,33.40571428571429,18.1,2.7,2.74,2.72,0.77,0.83,0.8,0.2,2.8,0.0,0.3,,0,2.07125748502994,,,
2021-10-26,18.485714285714288,33.50857142857143,19.9,2.25,2.26,2.26,0.37,0.38,0.38,0.0,1.9,0.0,0.38,,0,1.586904761904762,,,
2021-11-02,18.22857142857143,33.56142857142857,19.0,4.85,4.86,4.86,0.97,0.96,0.96,0.17,2.1,0.0,0.0,,0,1.2363095238095236,,,
2021-11-09,18.12857142857143,33.535714285714285,18.9,1.02,0.99,1.01,0.29,0.26,0.28,0.18,1.3,0.0,0.25,,0,2.4208333333333334,,,
2021-11-16,17.571428571428573,33.535714285714285,18.1,3.42,3.44,3.43,1.04,0.97,1.0,0.16,1.8,0.0,0.0,,0,2.281325301204819,,,
2021-11-23,17.733333333333334,33.526666666666664,18.6,1.81,1.81,1.81,0.39,0.38,0.38,0.14,1.6,0.0,0.0,67587.0,0,2.4119047619047618,,,
2021-11-30,17.285714285714285,33.52285714285715,18.2,2.1,2.18,2.14,0.37,0.35,0.36,0.15,1.7,0.0,0.0,133742.0,0,1.862874251497006,,,
2021-12-07,17.557142857142857,33.54857142857143,17.4,11.49,11.04,11.26,0.57,0.76,0.66,0.18,2.3,0.0,0.34,229670.0,1,2.0708333333333333,,,
2021-12-14,16.942857142857143,33.54,17.5,2.58,2.45,2.51,0.95,1.1,1.03,0.19,2.3,0.0,0.0,139553.0,0,1.363095238095238,,,
2021-12-21,15.983333333333334,33.515,17.1,1.07,1.09,1.08,0.34,0.32,0.33,0.24,1.7,0.0,0.64,77600.0,0,1.652694610778443,,,
2021-12-28,15.583333333333334,33.47,15.8,8.59,8.63,8.61,0.28,0.14,0.21,0.38,3.0,0.0,0.31,147064.0,1,1.7565476190476192,,,
2022-01-04,15.228571428571428,33.471428571428575,15.8,1.98,1.95,1.97,0.3,0.34,0.32,0.32,2.2,0.0,0.49,43906.0,0,1.9234939759036145,,,
2022-01-11,15.075,33.3825,15.2,1.9,1.9,1.9,0.5,0.43,0.46,0.33,2.6,0.0,0.49,173347.0,0,2.8178571428571426,,,
