,time,Temp,Chl1,Chl2,Avg_Chloro,Phaeo1,Phaeo2,Avg_Phaeo,Phosphate,Silicate,Nitrite,Ammonium,Total_Phytoplankton,hab_RT_status
1,2008-08-19,22.4,2.37,2.44,2.41,0.41,0.36,0.39,0.12,3.8,0.0,0.62,,0
2,2008-08-26,23.0,1.95,1.85,1.9,0.41,0.35,0.38,0.15,3.6,0.0,0.46,,0
3,2008-09-02,22.0,1.91,1.69,1.8,0.66,0.6,0.63,0.27,2.6,0.0,0.8,,0
4,2008-09-09,24.4,1.86,1.78,1.82,0.43,0.44,0.43,0.19,2.6,0.0,0.0,,0
5,2008-09-16,19.7,1.73,1.72,1.72,0.44,0.49,0.47,0.27,3.4,0.01,1.09,,0
6,2008-09-30,21.8,1.37,1.33,1.35,0.2,0.22,0.21,0.21,3.2,0.0,1.01,,0
7,2008-09-30,21.6,1.64,1.68,1.66,0.28,0.31,0.3,0.2,3.7,0.12,0.97,,0
8,2008-10-07,19.2,3.95,3.8,3.88,0.46,0.56,0.51,0.19,3.1,0.0,0.46,,0
9,2008-10-14,19.0,2.14,2.15,2.14,0.38,0.35,0.37,0.21,3.4,0.0,0.78,,0
10,2008-10-21,18.1,2.48,2.48,2.48,0.7,0.71,0.7,0.28,2.9,0.0,0.77,,0
11,2008-10-28,19.2,1.34,1.29,1.31,0.55,0.56,0.55,0.23,2.7,0.0,1.48,,0
12,2008-11-04,18.1,2.37,2.37,2.37,0.52,0.53,0.52,0.41,6.0,0.06,1.4,,0
13,2008-11-11,16.6,1.73,1.75,1.74,0.65,0.69,0.67,0.29,1.8,0.0,0.81,,0
14,2008-11-18,17.6,0.91,0.91,0.91,0.8,0.82,0.81,0.3,1.9,0.0,1.16,,0
15,2008-11-25,16.2,0.86,0.83,0.84,0.9,1.04,0.97,0.43,3.3,0.0,1.4,,0
16,2008-12-02,16.9,1.18,1.18,1.18,0.8,0.77,0.79,0.36,2.8,0.0,0.8,,0
17,2008-12-09,16.9,1.28,1.24,1.26,0.42,0.43,0.42,0.3,3.0,0.0,0.6,,0
18,2008-12-16,17.0,0.76,0.76,0.76,0.3,0.3,0.3,0.31,2.4,0.0,0.31,,0
19,2008-12-23,16.4,1.45,1.47,1.46,1.12,1.16,1.14,0.38,3.2,0.0,0.65,,0
20,2008-12-30,16.6,1.67,1.59,1.63,0.98,0.92,0.95,0.36,2.6,0.0,0.91,,0
21,2009-01-06,15.1,1.22,1.25,1.24,0.71,0.7,0.71,0.36,3.9,0.04,0.54,,0
22,2009-01-13,14.5,1.6,1.62,1.61,0.77,0.88,0.83,0.44,4.3,0.0,0.41,,0
23,2009-01-20,13.7,1.4,1.39,1.39,0.74,0.75,0.75,0.53,5.5,0.0,0.76,,0
24,2009-01-27,13.4,2.69,2.58,2.63,0.88,1.11,1.0,0.44,5.1,0.0,0.68,,0
25,2009-02-03,14.0,2.6,2.5,2.55,0.43,0.44,0.43,0.36,4.2,0.0,0.45,,0
26,2009-02-17,14.5,1.71,1.67,1.69,0.56,0.58,0.57,0.33,3.1,0.0,0.37,,0
27,2009-02-17,14.3,1.4,1.38,1.39,1.31,1.31,1.31,0.38,3.5,0.0,0.36,,0
28,2009-02-24,14.4,1.69,1.66,1.67,0.77,0.79,0.78,0.36,4.0,0.0,0.47,,0
29,2009-03-03,14.5,1.23,1.21,1.22,0.62,0.59,0.6,0.3,3.6,0.0,0.69,,0
30,2009-03-10,13.8,2.28,2.32,2.3,0.98,1.05,1.02,0.42,4.6,0.0,1.24,,0
31,2009-03-17,14.3,1.86,1.96,1.91,0.75,0.69,0.72,0.29,4.5,0.0,0.48,,0
32,2009-03-24,14.9,2.34,2.52,2.43,0.6,0.54,0.57,0.22,3.9,0.0,0.0,,0
33,2009-03-31,14.5,4.91,5.06,4.98,0.98,0.86,0.92,0.21,3.8,0.0,0.24,,0
34,2009-04-07,14.7,5.15,5.32,5.23,0.8,0.49,0.64,0.2,4.3,0.0,0.25,,0
35,2009-04-14,14.3,6.23,6.3,6.26,1.35,1.62,1.49,0.4,5.9,0.0,0.64,,0
36,2009-04-21,14.4,3.26,3.21,3.24,1.38,1.53,1.45,0.32,6.3,0.0,0.78,,0
37,2009-04-28,15.9,1.74,1.79,1.77,0.48,0.47,0.47,0.26,6.0,0.0,0.69,,0
38,2009-05-05,15.3,2.03,1.95,1.99,0.55,0.56,0.56,0.4,7.6,0.0,0.4,,0
39,2009-05-12,16.7,1.82,1.82,1.82,0.36,0.38,0.37,0.11,0.0,0.0,0.5,,0
40,2009-05-19,15.8,1.67,1.65,1.66,1.15,1.27,1.21,0.49,6.2,0.0,1.42,,0
41,2009-05-26,17.7,3.78,3.85,3.81,0.68,0.66,0.67,0.17,1.1,0.0,0.35,,0
42,2009-06-02,18.9,4.5,4.39,4.45,0.84,0.96,0.9,0.13,0.0,0.0,0.22,,0
43,2009-06-09,19.3,2.94,2.81,2.87,0.88,1.04,0.96,0.12,0.0,0.0,0.29,,0
44,2009-06-16,20.2,1.07,1.05,1.06,0.41,0.37,0.39,0.15,1.5,0.0,1.14,,0
45,2009-06-23,19.0,1.84,1.88,1.86,0.88,0.88,0.88,0.17,2.4,0.0,1.0,,0
46,2009-06-30,19.5,1.79,1.81,1.8,0.65,0.7,0.67,0.28,6.2,0.0,1.77,,0
47,2009-07-07,19.9,0.91,0.9,0.9,0.17,0.22,0.19,0.28,6.3,0.0,0.31,,0
48,2009-07-14,20.6,1.27,1.24,1.25,0.58,0.57,0.57,0.24,5.4,0.0,0.59,,0
49,2009-07-21,20.3,1.84,1.92,1.88,0.59,0.67,0.63,0.28,4.2,0.0,0.81,,0
50,2009-07-28,18.0,3.21,3.26,3.24,0.84,0.79,0.82,0.32,4.7,0.0,0.82,,0
51,2009-08-04,20.9,2.45,2.37,2.41,0.4,0.47,0.43,0.26,0.0,0.0,0.57,,0
52,2009-08-11,20.9,2.42,2.4,2.41,0.28,0.31,0.3,0.21,0.0,0.0,0.44,,0
53,2009-08-18,24.5,1.06,1.01,1.03,0.25,0.26,0.26,0.17,0.0,0.0,0.74,,0
54,2009-08-25,23.5,0.92,0.93,0.92,0.47,0.48,0.47,0.24,0.0,0.0,0.47,,0
55,2009-09-01,23.0,0.68,0.7,0.69,0.23,0.23,0.23,0.24,1.2,0.0,1.38,,0
56,2009-09-08,22.1,0.92,0.93,0.93,0.44,0.45,0.45,0.28,1.2,0.0,0.57,,0
57,2009-09-15,22.8,1.09,1.06,1.07,0.49,0.52,0.51,0.22,1.4,0.0,0.98,,0
58,2009-09-22,23.8,0.91,0.91,0.91,0.33,0.32,0.33,0.21,1.2,0.0,0.85,,0
59,2009-09-29,24.7,0.99,1.02,1.01,0.4,0.42,0.41,0.23,0.0,0.0,0.5,,0
60,2009-10-06,22.3,0.56,0.57,0.57,0.29,0.29,0.29,0.23,0.0,0.0,0.57,,0
61,2009-10-13,22.8,1.02,0.99,1.0,0.37,0.38,0.38,0.23,1.2,0.0,0.75,,0
62,2009-10-20,21.4,0.74,0.77,0.75,0.32,0.34,0.33,0.27,2.0,0.0,0.52,,0
63,2009-10-27,20.1,0.78,0.79,0.78,0.36,0.37,0.37,0.34,1.6,0.0,0.47,,0
64,2009-11-03,18.3,0.93,0.96,0.95,0.31,0.33,0.32,0.37,2.7,0.0,1.19,,0
65,2009-11-10,19.1,1.17,1.14,1.15,0.5,0.53,0.51,0.33,2.3,0.0,0.28,,0
66,2009-11-17,19.5,1.07,1.07,1.07,0.6,0.6,0.6,0.35,2.1,0.0,0.65,,0
67,2009-11-24,16.7,1.23,1.24,1.23,0.44,0.43,0.44,0.39,2.9,0.0,0.49,,0
68,2009-12-01,17.1,0.79,0.76,0.78,0.34,0.34,0.34,0.36,2.3,0.0,0.5,,0
69,2009-12-08,17.2,1.09,1.09,1.09,0.29,0.3,0.29,0.37,2.3,0.0,0.76,,0
70,2009-12-15,16.7,1.53,1.49,1.51,0.61,0.6,0.6,0.37,2.6,0.0,0.53,,0
71,2009-12-22,16.4,0.96,0.98,0.97,0.54,0.5,0.52,0.41,2.6,0.0,0.61,,0
72,2009-12-29,15.4,1.95,1.98,1.96,0.92,1.22,1.07,0.46,3.5,0.0,0.34,,0
73,2010-01-05,15.4,0.81,0.84,0.83,0.67,0.65,0.66,0.47,3.2,0.0,0.87,,0
74,2010-01-12,15.2,1.19,1.12,1.16,0.73,0.69,0.71,0.42,3.5,0.0,1.05,,0
75,2010-01-19,14.8,1.77,1.69,1.73,0.67,0.7,0.69,0.44,3.3,0.0,0.66,,0
76,2010-01-26,14.7,1.86,1.64,1.75,0.67,0.86,0.77,0.46,3.9,0.0,0.49,,0
77,2010-02-02,15.1,0.82,0.79,0.8,0.47,0.46,0.47,0.41,3.3,0.0,0.91,,0
78,2010-02-16,15.2,0.91,0.86,0.88,0.54,0.65,0.59,0.31,3.2,0.0,1.01,,0
79,2010-02-16,15.0,0.82,0.85,0.84,0.49,0.51,0.5,0.37,3.7,0.0,1.56,,0
80,2010-02-23,15.1,2.17,2.26,2.21,0.68,0.8,0.74,0.29,3.5,0.0,0.21,,0
81,2010-03-02,14.9,1.26,1.15,1.2,0.72,0.7,0.71,0.33,3.4,0.0,0.71,,0
82,2010-03-16,15.2,1.58,1.5,1.54,0.72,0.6,0.66,0.25,3.3,0.0,0.0,,0
83,2010-03-16,15.6,0.91,0.98,0.95,0.46,0.44,0.45,0.27,2.9,0.0,0.87,,0
84,2010-03-23,15.4,2.96,2.88,2.92,0.56,0.55,0.56,0.27,3.3,0.0,0.41,,0
85,2010-03-30,15.4,1.25,1.23,1.24,0.59,0.6,0.6,0.24,2.8,0.0,0.62,,0
86,2010-04-06,14.3,8.43,8.29,8.36,1.36,1.46,1.41,0.37,6.2,0.0,0.47,,1
87,2010-04-13,15.7,2.08,2.16,2.12,0.72,0.66,0.69,0.16,0.0,0.0,1.19,,0
88,2010-04-20,16.6,2.05,2.1,2.08,0.13,0.11,0.12,0.16,0.0,0.0,0.21,,0
89,2010-04-27,16.1,3.23,3.12,3.17,0.76,0.76,0.76,0.24,3.1,0.0,0.49,,0
90,2010-05-04,15.8,2.24,2.28,2.26,0.45,0.54,0.49,0.24,2.9,0.0,1.08,,0
91,2010-05-11,16.7,2.39,2.4,2.39,0.37,0.41,0.39,0.31,3.1,0.0,1.89,,0
92,2010-05-18,14.8,20.5,20.41,20.46,0.0,0.0,0.0,0.37,8.1,0.0,0.81,,1
93,2010-05-25,15.7,20.29,20.63,20.46,0.83,0.0,0.14,0.18,1.4,0.0,1.01,,1
94,2010-06-01,16.7,10.06,8.99,9.53,0.0,0.87,0.12,0.2,1.9,0.0,0.61,,1
95,2010-06-08,16.8,18.6,17.92,18.26,0.45,0.78,0.61,0.18,2.0,0.0,0.55,,1
96,2010-06-15,16.9,10.79,11.37,11.08,0.54,0.32,0.43,0.29,4.9,0.0,0.44,,1
97,2010-06-22,17.1,4.12,4.1,4.11,0.39,0.49,0.44,0.21,4.4,0.0,0.41,,0
98,2010-07-06,18.9,19.21,18.6,18.91,0.06,0.29,0.17,0.15,4.0,0.0,0.5,,1
99,2010-07-06,19.6,5.44,5.3,5.37,0.22,0.36,0.29,0.18,3.6,0.0,0.55,,0
100,2010-07-13,20.1,1.56,1.57,1.56,0.35,0.38,0.36,0.15,3.2,0.0,0.46,,0
101,2010-07-20,20.3,4.41,4.35,4.38,0.41,0.43,0.42,0.0,1.4,0.0,0.54,,0
102,2010-07-27,18.9,3.42,3.32,3.37,0.28,0.3,0.29,0.11,0.0,0.0,0.2,,0
103,2010-08-10,17.2,2.03,1.98,2.01,0.67,0.72,0.69,0.38,5.5,0.0,0.51,,0
104,2010-08-10,17.5,2.97,2.84,2.9,0.73,0.77,0.75,0.31,6.1,0.0,0.72,,0
105,2010-08-17,19.4,1.63,1.65,1.64,0.64,0.63,0.64,0.19,1.5,0.0,0.56,,0
106,2010-08-24,19.3,1.68,1.83,1.75,0.85,0.73,0.79,0.21,3.5,0.0,0.58,,0
107,2010-08-31,20.2,2.24,2.2,2.22,0.61,0.66,0.63,0.16,2.6,0.0,0.51,,0
108,2010-09-07,15.4,4.19,4.1,4.14,1.78,1.93,1.86,0.35,6.0,0.0,1.91,,0
109,2010-09-14,19.1,1.77,1.77,1.77,0.62,0.6,0.61,0.27,4.4,0.02,0.63,,0
110,2010-09-21,19.4,0.92,0.92,0.92,0.17,0.2,0.19,0.24,2.2,0.0,1.87,,0
111,2010-09-28,17.5,3.03,3.04,3.03,0.41,0.42,0.42,0.22,2.1,0.0,0.32,,0
112,2010-10-05,17.5,1.63,1.59,1.61,0.48,0.51,0.49,0.38,4.9,0.0,2.46,,0
113,2010-10-12,16.6,4.69,4.64,4.67,1.41,1.51,1.46,0.38,5.9,0.0,0.75,,0
114,2010-10-19,17.4,2.38,2.35,2.37,0.71,0.71,0.71,0.28,5.2,0.0,1.65,,0
115,2010-10-26,20.0,15.93,17.6,16.77,0.47,0.29,0.38,0.16,2.8,0.0,0.79,,1
116,2010-11-02,19.2,7.52,7.48,7.5,0.42,0.52,0.47,0.22,3.0,0.0,0.26,,1
117,2010-11-09,18.9,4.85,4.66,4.75,0.52,0.6,0.56,0.15,2.5,0.0,0.0,,0
118,2010-11-16,18.9,3.03,2.98,3.01,1.03,1.08,1.06,0.18,3.7,0.0,0.87,,0
119,2010-11-23,18.3,2.78,2.78,2.78,0.54,0.59,0.56,0.15,1.9,0.0,0.0,,0
120,2010-11-30,18.3,1.75,1.66,1.7,0.38,0.52,0.45,0.15,1.7,0.0,0.0,,0
121,2010-12-07,16.3,1.54,1.62,1.58,0.81,0.75,0.78,0.42,3.5,0.0,1.64,,0
122,2010-12-14,16.0,1.28,1.34,1.31,1.13,1.07,1.1,0.43,5.2,0.0,2.01,,0
123,2010-12-21,13.8,10.1,10.15,10.13,0.87,0.99,0.93,0.49,6.4,0.0,0.87,,1
124,2010-12-28,14.0,5.63,5.54,5.59,0.62,0.83,0.72,0.32,2.9,0.0,1.2,,0
125,2011-01-04,13.7,10.62,10.9,10.76,0.0,0.0,0.0,0.28,2.8,0.0,1.2,,1
126,2011-01-11,15.1,3.09,3.11,3.1,0.16,0.22,0.19,0.27,1.9,0.0,0.64,,0
127,2011-01-18,15.3,7.45,6.8,7.12,0.0,0.0,0.0,0.37,2.5,0.0,0.79,,1
128,2011-01-25,14.7,1.43,1.43,1.43,0.32,0.37,0.34,0.49,4.1,0.0,2.95,,0
129,2011-02-01,14.2,3.51,3.58,3.54,0.69,0.59,0.64,0.37,3.6,0.0,1.74,,0
130,2011-02-15,14.3,4.98,4.98,4.98,0.42,0.65,0.53,0.29,4.3,0.0,0.77,,0
131,2011-02-15,14.2,2.99,3.02,3.01,0.36,0.42,0.39,0.3,2.6,0.0,0.52,,0
132,2011-02-22,14.3,5.03,5.08,5.05,1.13,1.29,1.21,0.21,1.1,0.0,0.59,,0
133,2011-03-01,14.3,3.98,4.1,4.04,1.17,1.34,1.25,0.19,0.0,0.0,0.72,,0
134,2011-03-08,14.4,2.8,2.82,2.81,0.9,1.02,0.96,0.22,1.1,0.0,0.79,,0
135,2011-03-22,14.2,2.27,2.28,2.28,0.45,0.52,0.49,0.19,0.0,0.0,0.82,,0
136,2011-03-22,14.3,1.37,1.41,1.39,0.3,0.34,0.32,0.25,2.1,0.0,0.82,,0
137,2011-03-29,14.2,4.08,4.05,4.06,2.22,2.25,2.23,0.43,4.5,0.0,2.04,,0
138,2011-04-05,14.8,4.02,3.95,3.98,1.68,1.94,1.81,0.21,1.9,0.0,2.03,,0
139,2011-04-12,13.3,2.79,2.79,2.79,1.0,1.15,1.07,0.45,3.1,0.0,1.94,,0
140,2011-04-19,14.9,4.48,4.55,4.51,1.07,1.11,1.09,0.31,4.0,0.0,1.79,,0
141,2011-04-26,16.4,1.35,1.34,1.35,0.38,0.39,0.38,0.28,3.4,0.0,2.29,,0
142,2011-05-03,15.9,2.13,2.25,2.19,0.9,0.89,0.9,0.35,6.1,0.0,1.93,,0
143,2011-05-10,16.7,1.38,1.41,1.39,0.63,0.69,0.66,0.24,3.5,0.0,1.12,,0
144,2011-05-17,17.3,1.32,1.36,1.34,0.68,0.74,0.71,0.31,5.9,0.0,1.11,,0
145,2011-05-24,16.3,2.24,2.25,2.25,0.83,0.78,0.81,0.31,3.0,0.0,2.63,,0
146,2011-05-31,15.4,3.68,3.63,3.66,1.15,1.21,1.18,0.21,2.0,0.0,0.74,,0
147,2011-06-07,17.1,1.43,1.48,1.45,0.63,0.72,0.67,0.24,3.8,0.0,1.16,,0
148,2011-06-14,17.4,1.88,1.77,1.82,0.58,0.63,0.61,0.29,5.3,0.0,0.59,,0
149,2011-06-21,17.5,2.63,2.95,2.79,0.66,0.7,0.68,0.14,3.8,0.0,0.42,,0
150,2011-06-28,17.7,2.63,2.54,2.58,0.43,0.5,0.46,0.33,0.0,0.0,1.46,,0
151,2011-07-05,16.9,2.11,2.18,2.15,0.37,0.32,0.34,0.19,3.3,0.0,0.65,,0
152,2011-07-19,19.1,1.86,1.66,1.76,0.41,0.34,0.37,0.15,3.7,0.0,0.66,,0
153,2011-07-19,19.6,2.97,3.0,2.98,1.26,1.15,1.21,0.21,0.0,0.0,0.29,,0
154,2011-07-26,20.7,2.34,2.25,2.29,0.83,0.85,0.84,0.19,3.7,0.0,1.42,,0
155,2011-08-09,20.2,1.72,1.72,1.72,0.51,0.57,0.54,0.22,3.5,0.0,1.85,,0
156,2011-08-09,21.0,2.03,1.88,1.95,0.87,0.8,0.83,0.19,2.5,0.0,0.0,,0
157,2011-08-16,21.3,2.35,2.32,2.34,0.67,0.6,0.63,0.14,2.6,0.0,0.7,,0
158,2011-08-23,17.8,1.45,1.54,1.49,0.59,0.75,0.67,0.28,3.1,0.0,0.45,,0
159,2011-08-30,18.6,1.06,1.08,1.07,0.3,0.33,0.32,0.24,2.7,0.0,0.89,,0
160,2011-09-06,20.2,2.34,2.48,2.41,0.64,0.68,0.66,0.15,1.3,0.0,0.0,,0
161,2011-09-13,20.0,1.02,0.98,1.0,0.3,0.31,0.3,0.19,1.8,0.0,0.28,,0
162,2011-09-20,20.8,1.39,1.34,1.36,0.36,0.4,0.38,0.2,3.3,0.0,0.25,,0
163,2011-09-27,17.6,6.6,6.74,6.67,0.13,0.16,0.15,0.42,5.8,0.2,0.25,,0
164,2011-10-04,17.9,2.15,2.22,2.18,0.26,0.28,0.27,0.22,3.6,0.0,1.15,,0
165,2011-10-11,18.0,5.14,5.62,5.38,0.34,0.29,0.32,0.27,2.8,0.0,0.52,,0
166,2011-10-18,16.6,43.99,43.84,43.91,1.18,0.96,1.07,0.2,4.8,0.0,0.4,,1
167,2011-10-25,17.6,51.69,44.58,48.13,0.0,2.44,1.11,0.1,6.7,0.0,0.0,,1
168,2011-11-01,17.8,34.36,33.17,33.77,0.0,0.0,0.0,0.68,4.1,0.0,0.0,,1
169,2011-11-08,17.6,4.89,4.56,4.72,0.07,0.21,0.14,0.0,4.5,0.0,0.0,,0
170,2011-11-15,17.2,2.07,2.09,2.08,0.24,0.24,0.24,0.19,4.4,0.0,2.36,,0
171,2011-11-22,16.3,3.2,3.01,3.1,0.37,0.7,0.54,0.31,4.4,0.0,0.82,,0
172,2011-11-29,16.4,1.64,1.67,1.66,0.52,0.55,0.54,0.22,2.3,0.0,0.61,,0
173,2011-12-06,16.0,0.79,0.8,0.8,0.28,0.25,0.26,0.29,2.1,0.0,1.01,,0
174,2011-12-13,15.8,0.62,0.62,0.62,0.23,0.25,0.24,0.27,1.5,0.0,0.68,,0
175,2011-12-20,15.5,1.38,1.37,1.38,0.43,0.41,0.42,0.28,2.4,0.0,0.7,,0
176,2011-12-27,14.4,7.31,7.65,7.48,0.1,0.05,0.08,0.32,3.5,0.0,0.87,,1
177,2012-01-03,15.1,1.58,1.66,1.62,0.2,0.19,0.2,0.3,2.0,0.0,1.2,,0
178,2012-01-10,14.3,14.58,14.96,14.77,0.19,0.27,0.23,0.29,3.7,0.0,0.0,,1
179,2012-01-17,14.0,12.2,11.63,11.92,0.0,0.0,0.0,0.25,3.9,0.0,0.38,,1
180,2012-01-31,14.6,1.71,1.83,1.77,0.18,0.26,0.22,0.23,3.3,0.0,0.34,,0
181,2012-01-31,14.6,1.01,1.01,1.01,0.09,0.13,0.11,0.24,3.1,0.0,0.35,,0
182,2012-02-14,14.2,1.29,1.23,1.26,0.37,0.4,0.38,0.3,3.3,0.0,0.64,,0
183,2012-02-14,13.9,6.32,6.22,6.27,0.64,0.79,0.71,0.23,1.3,0.0,0.0,,0
184,2012-02-21,14.3,0.99,1.02,1.0,0.17,0.16,0.16,0.2,0.0,0.0,0.75,,0
185,2012-02-28,14.5,1.7,1.53,1.61,0.67,0.32,0.49,0.22,1.1,0.0,0.6,,0
186,2012-03-06,14.9,0.75,0.75,0.75,0.27,0.28,0.28,0.28,2.7,0.0,0.63,,0
187,2012-03-20,14.7,1.67,1.67,1.67,0.4,0.51,0.46,0.3,4.6,0.0,0.58,,0
188,2012-03-20,14.6,1.76,1.82,1.79,0.49,0.48,0.48,0.28,4.9,0.0,0.67,,0
189,2012-03-27,14.7,2.0,1.99,1.99,0.58,0.61,0.6,0.45,7.7,0.0,0.4,,0
190,2012-04-03,13.3,8.07,8.35,8.21,1.03,0.98,1.0,0.31,4.7,0.0,0.27,,1
191,2012-04-10,13.0,2.64,2.91,2.78,2.28,2.33,2.3,0.6,6.3,0.0,3.26,,0
192,2012-04-17,13.1,2.36,2.46,2.41,0.46,0.51,0.49,1.02,11.6,0.0,0.9,,0
193,2012-04-24,13.4,2.64,2.55,2.6,1.63,1.83,1.73,0.91,13.2,0.0,1.7,,0
194,2012-05-01,14.9,5.66,5.57,5.62,1.91,2.0,1.96,0.32,7.8,0.0,0.22,,0
195,2012-05-08,14.3,2.71,2.47,2.59,1.18,1.19,1.19,0.44,6.0,0.0,1.07,,0
196,2012-05-15,15.6,1.56,1.66,1.61,0.72,0.83,0.77,0.38,7.5,0.0,0.96,,0
197,2012-05-22,16.5,1.38,1.41,1.39,0.42,0.45,0.44,0.17,0.0,0.0,0.73,,0
198,2012-05-29,17.9,0.7,0.69,0.7,0.48,0.52,0.5,0.24,2.2,0.0,0.57,,0
199,2012-06-05,18.9,1.63,1.68,1.66,0.58,0.66,0.62,0.26,3.2,0.0,0.0,,0
200,2012-06-12,18.7,1.43,1.47,1.45,0.64,0.69,0.66,0.26,5.1,0.0,0.63,,0
201,2012-06-19,18.7,1.14,1.13,1.14,0.57,0.53,0.55,0.27,4.1,0.0,0.25,,0
202,2012-07-03,19.3,0.55,0.59,0.57,0.26,0.23,0.25,0.25,3.6,0.0,0.25,,0
203,2012-07-03,19.0,0.96,0.94,0.95,0.38,0.37,0.38,0.26,2.8,0.0,0.0,,0
204,2012-07-10,18.5,1.04,1.04,1.04,0.32,0.34,0.33,0.27,1.1,0.0,0.45,,0
205,2012-07-24,20.1,0.89,0.88,0.89,0.22,0.22,0.22,0.27,1.8,0.04,0.32,,0
206,2012-07-24,20.5,0.88,0.89,0.88,0.12,0.11,0.12,0.21,0.0,0.0,0.33,,0
207,2012-07-31,14.3,1.63,1.6,1.61,0.4,0.44,0.42,0.45,3.1,0.0,0.68,,0
208,2012-08-07,19.9,0.7,0.7,0.7,0.29,0.27,0.28,0.22,1.5,0.0,1.0,,0
209,2012-08-14,21.0,1.05,1.1,1.08,0.9,0.83,0.87,0.21,0.0,0.0,0.59,,0
210,2012-08-21,19.8,1.21,1.24,1.22,0.67,0.64,0.65,0.22,1.6,0.0,0.0,,0
211,2012-08-28,20.2,1.65,1.68,1.66,0.82,0.81,0.82,0.2,1.4,0.0,0.39,,0
212,2012-09-04,21.2,1.42,1.42,1.42,0.52,0.6,0.56,0.22,1.3,0.0,0.49,,0
213,2012-09-11,23.1,1.04,1.07,1.05,0.21,0.23,0.22,0.2,1.8,0.0,0.0,,0
214,2012-09-18,21.8,2.42,2.28,2.35,0.73,0.73,0.73,0.31,2.3,0.0,0.33,,0
215,2012-10-02,19.7,2.05,2.06,2.05,0.52,0.55,0.53,0.33,3.1,0.0,0.4,,0
216,2012-10-02,22.2,1.0,1.0,1.0,0.32,0.33,0.32,0.25,2.9,0.0,0.63,,0
217,2012-10-09,20.1,0.56,0.57,0.56,0.2,0.19,0.2,0.3,2.5,0.0,0.54,,0
218,2012-10-16,20.6,1.16,1.2,1.18,0.42,0.43,0.43,0.32,3.0,0.0,1.12,,0
219,2012-10-23,20.4,2.14,2.25,2.2,0.43,0.43,0.43,0.29,3.2,0.0,1.2,,0
220,2012-10-30,19.5,0.97,0.95,0.96,0.43,0.42,0.42,0.31,3.3,0.0,1.89,,0
221,2012-11-06,18.9,1.53,1.56,1.54,0.59,0.62,0.61,0.29,3.2,0.0,0.73,,0
222,2012-11-13,19.5,1.05,1.08,1.06,0.58,0.61,0.6,0.3,3.0,0.0,1.34,,0
223,2012-11-20,18.7,1.29,1.34,1.31,0.59,0.6,0.59,0.28,3.6,0.0,0.28,,0
224,2012-11-27,17.8,1.09,1.11,1.1,0.58,0.61,0.6,0.31,3.5,0.0,0.65,,0
225,2012-12-11,16.6,1.91,1.9,1.91,1.04,1.02,1.03,0.34,4.1,0.0,0.64,,0
226,2012-12-11,17.0,0.92,0.89,0.91,0.33,0.35,0.34,0.37,3.8,0.0,1.34,,0
227,2012-12-18,16.5,0.98,1.06,1.02,0.35,0.36,0.36,0.31,3.0,0.0,0.64,,0
228,2012-12-25,16.6,1.39,1.43,1.41,0.93,0.91,0.92,0.37,2.9,0.0,1.42,,0
229,2013-01-01,16.0,1.43,1.48,1.46,0.8,0.83,0.82,0.46,4.9,0.0,1.21,,0
230,2013-01-08,15.8,1.36,1.39,1.38,0.57,0.59,0.58,0.37,4.4,0.0,0.61,,0
231,2013-01-15,15.1,1.32,1.44,1.38,0.64,0.65,0.65,0.39,4.1,0.0,0.62,,0
232,2013-01-22,14.3,2.67,2.81,2.74,0.81,0.73,0.77,0.26,1.8,0.0,0.37,,0
233,2013-01-29,13.6,2.27,2.53,2.4,1.1,1.11,1.1,0.39,3.0,0.0,0.75,,0
234,2013-02-05,12.9,2.27,2.26,2.27,0.55,0.53,0.54,0.5,5.3,0.0,0.0,,0
235,2013-02-19,13.2,1.5,1.55,1.52,0.74,0.77,0.75,0.4,5.0,0.0,0.69,,0
236,2013-02-19,14.0,2.13,2.22,2.17,1.24,1.42,1.33,0.36,4.2,0.0,0.99,,0
237,2013-02-26,13.9,2.18,2.26,2.22,1.0,1.09,1.05,0.46,6.2,0.0,0.4,,0
238,2013-03-05,14.0,1.7,1.64,1.67,0.89,0.84,0.87,0.32,5.3,0.0,0.73,,0
239,2013-03-19,14.1,1.17,1.27,1.22,0.68,0.63,0.66,0.28,3.5,0.0,0.39,,0
240,2013-03-19,14.1,2.27,2.39,2.33,1.02,0.99,1.0,0.27,5.9,0.0,0.49,,0
241,2013-03-26,14.4,3.22,3.26,3.24,1.18,1.19,1.18,0.27,5.8,0.0,0.49,,0
242,2013-04-02,14.8,1.28,1.28,1.28,0.61,0.65,0.63,0.3,3.3,0.0,0.66,,0
243,2013-04-09,14.5,1.49,1.34,1.41,0.54,0.54,0.54,0.24,1.9,0.0,0.54,,0
244,2013-04-16,14.4,1.06,1.07,1.06,1.05,1.07,1.06,0.4,4.8,0.0,0.56,,0
245,2013-04-23,16.1,1.74,1.7,1.72,0.86,0.78,0.82,0.29,4.1,0.0,0.28,,0
246,2013-05-07,14.6,3.16,2.99,3.07,2.21,2.74,2.48,0.59,9.6,0.0,0.54,,0
247,2013-05-07,15.4,2.58,2.71,2.64,0.71,0.67,0.69,0.37,0.0,0.0,0.0,,0
248,2013-05-14,17.7,1.07,1.09,1.08,0.48,0.52,0.5,0.13,0.0,0.0,0.53,,0
249,2013-05-21,17.0,1.46,1.5,1.48,0.58,0.58,0.58,0.2,2.3,0.0,0.65,,0
250,2013-05-28,17.3,1.54,1.5,1.52,0.3,0.45,0.38,0.23,1.7,0.0,0.0,,0
251,2013-06-04,19.1,1.66,1.61,1.64,0.55,0.63,0.59,0.22,2.1,0.0,0.8,,0
252,2013-06-11,19.6,0.57,0.63,0.6,0.31,0.31,0.31,0.21,4.3,0.0,0.97,,0
253,2013-06-18,19.9,0.65,0.69,0.67,0.34,0.3,0.32,0.14,1.6,0.0,0.25,,0
254,2013-06-25,20.3,0.64,0.68,0.66,0.34,0.35,0.34,0.21,2.3,0.0,0.82,,0
255,2013-07-02,19.1,0.7,0.72,0.71,0.33,0.34,0.34,0.18,3.1,0.0,0.38,,0
256,2013-07-09,20.6,1.14,1.12,1.13,0.39,0.42,0.41,0.13,3.3,0.0,0.34,,0
257,2013-07-16,19.5,0.89,0.9,0.9,0.39,0.36,0.38,0.13,1.9,0.0,0.35,,0
258,2013-07-23,19.5,0.77,0.78,0.77,0.45,0.46,0.45,0.16,2.9,0.0,0.46,,0
259,2013-07-30,21.3,1.37,1.37,1.37,0.52,0.54,0.53,0.14,2.0,0.0,0.24,,0
260,2013-08-06,22.1,0.93,0.94,0.93,0.25,0.25,0.25,0.13,2.6,0.0,0.38,,0
261,2013-08-13,20.1,1.78,1.76,1.77,0.35,0.42,0.39,0.12,3.7,0.0,0.46,,0
262,2013-08-20,17.1,2.86,2.83,2.85,0.84,1.03,0.93,0.26,5.0,0.0,0.87,,0
263,2013-08-27,20.0,1.01,1.04,1.03,0.42,0.41,0.41,0.17,2.1,0.0,0.47,,0
264,2013-09-03,21.2,1.51,1.53,1.52,0.58,0.57,0.57,0.13,1.8,0.0,0.46,,0
265,2013-09-10,19.7,1.03,1.05,1.04,0.42,0.5,0.46,0.17,2.5,0.0,0.85,,0
266,2013-09-17,18.6,1.11,1.09,1.1,0.5,0.51,0.51,0.24,2.1,0.0,1.34,,0
267,2013-10-01,20.1,3.6,3.32,3.46,0.66,0.54,0.6,0.22,0.0,0.0,0.44,,0
268,2013-10-01,20.1,2.46,2.32,2.39,0.5,0.48,0.49,0.2,2.2,0.0,0.0,,0
269,2013-10-08,20.6,1.15,1.32,1.24,0.87,0.81,0.84,0.26,1.9,0.0,1.16,,0
270,2013-10-15,20.0,1.26,1.21,1.23,0.37,0.47,0.42,0.28,1.7,0.0,0.92,,0
271,2013-10-22,19.4,1.92,1.87,1.9,0.66,0.63,0.64,0.28,2.1,0.0,0.59,,0
272,2013-10-29,18.8,1.22,1.22,1.22,0.63,0.64,0.63,0.27,3.1,0.0,0.54,,0
273,2013-11-05,19.0,1.06,1.04,1.05,0.42,0.46,0.44,0.25,1.3,0.0,0.62,,0
274,2013-11-12,18.6,1.43,1.55,1.49,0.83,0.79,0.81,0.29,1.7,0.0,0.87,,0
275,2013-11-19,16.4,2.18,2.21,2.19,1.29,1.38,1.33,0.44,3.3,0.0,0.69,,0
276,2013-11-26,17.2,0.86,0.87,0.86,0.32,0.38,0.35,0.33,2.2,0.0,0.53,,0
277,2013-12-03,16.7,1.83,1.91,1.87,0.74,0.71,0.72,0.43,3.6,0.0,0.35,,0
278,2013-12-10,17.4,0.96,0.93,0.94,0.39,0.42,0.4,0.31,2.1,0.0,0.55,,0
279,2013-12-17,16.9,1.83,1.67,1.75,0.56,0.77,0.66,0.3,2.6,0.0,0.79,,0
280,2013-12-24,16.5,1.39,1.33,1.36,0.64,0.67,0.66,0.34,2.3,0.0,0.67,,0
281,2013-12-31,15.7,1.31,1.35,1.33,0.48,0.53,0.5,0.36,2.2,0.0,0.79,,0
282,2014-01-07,15.6,4.58,5.25,4.91,1.4,1.56,1.48,0.32,1.1,0.0,0.4,,0
283,2014-01-14,15.5,1.02,1.07,1.05,0.56,0.61,0.59,0.26,1.3,0.0,1.32,,0
284,2014-01-21,15.3,0.81,0.89,0.85,0.6,0.57,0.58,0.3,3.7,0.0,22.1,,0
285,2014-01-28,15.7,0.89,0.93,0.91,0.59,0.47,0.53,0.14,2.4,0.0,0.0,,0
286,2014-02-04,15.4,1.25,1.2,1.22,0.83,0.83,0.83,0.3,3.3,0.0,20.47,,0
287,2014-02-11,15.5,0.91,0.91,0.91,0.49,0.46,0.47,0.25,4.2,0.0,1.0,,0
288,2014-02-18,16.4,0.91,0.93,0.92,0.54,0.57,0.55,0.23,2.9,0.0,0.74,,0
289,2014-02-25,15.5,1.02,0.99,1.01,0.47,0.39,0.43,0.25,3.7,0.0,0.33,,0
290,2014-03-04,15.5,1.61,1.33,1.47,0.73,0.68,0.7,0.36,4.0,0.0,0.9,,0
291,2014-03-11,15.5,1.23,1.33,1.28,0.28,0.27,0.27,0.12,0.0,0.0,0.57,,0
292,2014-03-18,16.6,2.35,2.32,2.34,0.49,0.48,0.48,0.12,2.4,0.0,0.76,,0
293,2014-03-25,16.3,0.96,0.94,0.95,0.41,0.44,0.43,0.23,2.4,0.0,0.78,,0
294,2014-04-01,16.8,1.33,1.32,1.32,0.67,0.81,0.74,0.19,3.4,0.0,0.74,,0
295,2014-04-08,17.7,1.33,1.42,1.37,0.54,0.52,0.53,0.18,3.2,0.0,0.38,,0
296,2014-04-15,17.9,1.62,1.55,1.59,0.77,0.82,0.79,0.19,3.7,0.0,0.64,,0
297,2014-04-29,16.8,2.2,2.07,2.14,0.67,0.98,0.83,0.19,4.8,0.0,0.52,,0
298,2014-04-29,17.8,5.0,5.38,5.19,0.91,0.57,0.74,0.18,5.6,0.0,0.37,,0
299,2014-05-06,15.1,3.93,4.36,4.14,0.97,0.78,0.88,0.15,2.1,0.0,0.58,,0
300,2014-05-13,16.8,,,,,,,0.24,2.1,0.0,1.0,,0
301,2014-05-20,17.9,1.8,1.65,1.73,0.58,0.47,0.53,0.17,2.6,0.0,2.31,,0
302,2014-05-27,16.7,2.15,2.25,2.2,0.77,0.85,0.81,0.29,5.5,0.0,0.45,,0
303,2014-06-03,18.8,0.49,0.64,0.57,0.13,0.12,0.12,0.16,3.0,0.0,1.19,,0
304,2014-06-10,19.2,0.71,0.69,0.7,0.11,0.12,0.11,0.17,5.1,0.0,0.81,,0
305,2014-06-24,20.7,0.74,0.73,0.74,0.15,0.15,0.15,0.16,5.4,0.0,1.72,,0
306,2014-06-24,21.3,0.94,0.91,0.92,0.26,0.26,0.26,0.2,4.7,0.0,0.92,,0
307,2014-07-01,20.5,1.36,1.24,1.3,0.27,0.27,0.27,0.18,6.6,0.0,0.81,,0
308,2014-07-08,20.1,1.03,1.19,1.11,0.19,0.12,0.15,0.11,3.2,0.0,0.98,,0
309,2014-07-15,21.4,0.82,0.92,0.87,0.27,0.28,0.27,0.16,1.9,0.0,0.56,,0
310,2014-07-22,20.7,2.51,2.51,2.51,0.2,0.34,0.27,0.0,3.2,0.0,1.13,,0
311,2014-07-29,23.4,0.75,0.79,0.77,0.2,0.16,0.18,0.12,2.3,0.0,0.99,,0
312,2014-08-05,22.4,1.98,1.85,1.92,0.51,0.47,0.49,0.13,2.0,0.0,1.02,,0
313,2014-08-12,21.4,1.83,1.77,1.8,0.52,0.41,0.47,0.16,6.0,0.0,1.15,,0
314,2014-08-19,22.5,1.9,2.0,1.95,0.41,0.44,0.43,0.19,3.8,0.0,1.11,,0
315,2014-08-26,23.2,1.3,1.31,1.31,0.32,0.35,0.34,0.12,3.2,0.0,1.12,,0
316,2014-09-02,23.1,1.1,1.15,1.13,0.23,0.2,0.22,0.16,2.2,0.0,0.99,,0
317,2014-09-09,22.8,1.24,1.24,1.24,0.27,0.25,0.26,0.16,2.8,0.0,1.12,,0
318,2014-09-16,22.8,0.92,0.92,0.92,0.26,0.29,0.28,0.13,1.7,0.0,1.26,,0
319,2014-09-30,22.3,1.09,1.1,1.09,0.56,0.51,0.53,0.16,2.1,0.0,0.58,,0
320,2014-09-30,23.1,0.97,0.97,0.97,0.24,0.28,0.26,0.17,1.6,0.0,1.25,,0
321,2014-10-07,24.1,2.08,1.98,2.03,0.41,0.44,0.42,0.19,2.1,0.0,1.13,,0
322,2014-10-14,21.9,0.97,0.95,0.96,0.26,0.27,0.27,0.21,2.1,0.0,1.51,,0
323,2014-10-21,20.0,0.58,0.57,0.57,0.19,0.17,0.18,0.19,2.6,0.0,0.62,,0
324,2014-10-28,23.0,0.83,0.95,0.89,0.33,0.05,0.19,0.16,1.7,0.0,0.86,,0
325,2014-11-04,21.3,0.55,0.54,0.54,0.11,0.17,0.14,0.23,2.4,0.0,1.41,,0
326,2014-11-11,21.4,0.64,0.66,0.65,0.27,0.31,0.29,0.19,1.9,0.0,0.89,,0
327,2014-11-18,20.7,0.53,0.53,0.53,0.29,0.35,0.32,0.22,2.6,0.0,0.83,,0
328,2014-11-25,20.2,0.53,0.73,0.63,0.45,0.35,0.4,0.22,2.3,0.0,0.3,,0
329,2014-12-02,19.0,0.73,0.77,0.75,0.31,0.44,0.37,0.2,2.5,0.0,1.12,,0
330,2014-12-09,19.3,0.95,0.92,0.93,0.38,0.39,0.39,0.21,2.2,0.0,1.07,,0
331,2014-12-16,18.5,0.56,0.59,0.58,0.35,0.4,0.37,0.22,2.5,0.0,0.87,,0
332,2014-12-23,18.6,0.43,0.42,0.42,0.18,0.19,0.18,0.2,1.5,0.0,0.6,,0
333,2014-12-30,18.3,1.62,1.75,1.68,0.8,0.82,0.81,0.23,2.5,0.0,0.47,,0
334,2015-01-06,17.8,0.87,0.84,0.85,0.38,0.44,0.41,0.24,2.2,0.0,0.87,,0
335,2015-01-13,17.5,1.25,1.19,1.22,0.85,0.76,0.81,0.23,2.5,0.0,0.81,,0
336,2015-01-20,16.7,1.25,1.09,1.17,0.43,0.53,0.48,0.21,2.6,0.0,0.56,,0
337,2015-01-27,16.0,0.89,0.93,0.91,0.41,0.39,0.4,0.22,2.4,0.0,0.54,,0
338,2015-02-03,16.4,0.85,0.78,0.81,0.37,0.41,0.39,0.19,2.2,0.0,0.62,,0
339,2015-02-10,16.4,0.84,0.8,0.82,0.45,0.36,0.4,0.19,2.0,0.0,0.41,,0
340,2015-02-17,16.6,0.54,0.51,0.52,0.21,0.23,0.22,0.22,2.1,0.0,0.32,,0
341,2015-02-24,16.8,0.7,0.67,0.69,0.27,0.36,0.32,0.2,2.0,0.0,0.29,,0
342,2015-03-03,16.8,1.31,1.28,1.29,0.54,0.55,0.54,0.2,2.5,0.0,0.51,,0
343,2015-03-17,17.3,0.22,0.21,0.22,0.09,0.11,0.1,0.21,3.5,0.0,0.42,,0
344,2015-03-17,17.0,0.75,0.77,0.76,0.5,0.45,0.48,0.2,1.9,0.0,0.69,,0
345,2015-03-24,16.5,0.68,0.68,0.68,0.49,0.54,0.51,0.22,2.7,0.0,0.47,,0
346,2015-03-31,17.1,0.71,0.77,0.74,0.32,0.11,0.21,0.23,2.4,0.0,0.73,,0
347,2015-04-07,17.2,0.7,0.72,0.71,0.21,0.29,0.25,0.19,2.9,0.0,0.85,,0
348,2015-04-14,17.4,0.94,0.98,0.96,0.35,0.29,0.32,0.2,2.3,0.0,0.49,,0
349,2015-04-21,18.7,1.09,1.09,1.09,0.22,0.16,0.19,0.13,1.2,0.0,0.64,,0
350,2015-04-28,18.5,1.31,1.36,1.33,0.49,0.53,0.51,0.17,1.8,0.0,0.49,,0
351,2015-05-05,17.4,1.02,1.11,1.07,0.32,0.33,0.33,0.2,3.9,0.0,0.74,,0
352,2015-05-12,16.6,1.98,2.11,2.04,0.78,0.83,0.8,0.36,6.5,0.0,1.0,,0
353,2015-05-19,16.9,1.14,1.15,1.14,0.36,0.34,0.35,0.25,3.2,0.0,1.12,,0
354,2015-05-26,18.9,1.6,1.44,1.52,0.61,0.47,0.54,0.19,2.8,0.0,0.71,,0
355,2015-06-02,18.0,1.85,1.85,1.85,0.48,0.66,0.57,0.18,3.4,0.0,0.55,,0
356,2015-06-09,16.7,2.38,2.53,2.46,0.74,0.73,0.74,0.22,4.6,0.0,0.59,,0
357,2015-06-23,18.6,2.51,2.47,2.49,0.65,0.71,0.68,0.19,3.7,0.0,0.77,,0
358,2015-06-23,19.4,1.7,1.66,1.68,0.23,0.18,0.21,0.13,5.4,0.0,0.22,,0
359,2015-06-30,19.3,1.18,1.15,1.16,0.33,0.33,0.33,0.18,4.8,0.0,0.38,,0
360,2015-07-07,17.8,2.67,2.41,2.54,0.62,0.68,0.65,0.18,4.4,0.0,0.54,,0
361,2015-07-14,20.3,1.18,1.17,1.18,0.33,0.31,0.32,0.17,3.9,0.0,0.75,,0
362,2015-07-21,20.4,1.78,1.78,1.78,0.31,0.4,0.36,0.19,3.5,0.0,0.55,,0
363,2015-07-28,20.9,1.31,1.27,1.29,0.39,0.37,0.38,0.15,3.5,0.0,0.39,,0
364,2015-08-04,21.2,0.67,0.59,0.63,0.49,0.53,0.51,0.29,3.3,0.0,0.71,,0
365,2015-08-11,19.9,1.72,1.59,1.65,0.4,0.38,0.39,0.25,5.2,0.0,0.37,,0
366,2015-08-18,22.6,1.11,1.04,1.07,0.24,0.29,0.27,0.23,5.6,0.0,0.65,,0
367,2015-08-25,21.1,1.5,1.5,1.5,0.42,0.49,0.45,0.21,4.0,0.0,0.32,,0
368,2015-09-01,21.2,0.96,0.91,0.94,0.45,0.46,0.46,0.22,4.5,0.0,0.45,,0
369,2015-09-08,22.5,1.09,1.08,1.09,0.22,0.22,0.22,0.17,4.0,0.0,0.48,,0
370,2015-09-15,23.3,1.36,1.36,1.36,0.3,0.33,0.32,0.19,3.0,0.0,0.37,,0
371,2015-09-22,23.8,1.16,1.16,1.16,0.28,0.29,0.29,0.2,3.2,0.0,0.46,,0
372,2015-10-06,23.9,1.05,1.16,1.1,0.19,0.15,0.17,0.18,3.1,0.0,0.52,,0
373,2015-10-06,24.0,0.84,0.85,0.84,0.5,0.32,0.41,0.24,3.9,0.0,0.45,,0
374,2015-10-13,25.5,0.76,0.77,0.76,0.22,0.19,0.21,0.25,3.5,0.0,0.68,,0
375,2015-10-20,23.3,0.84,0.87,0.86,0.28,0.33,0.31,0.21,3.4,0.0,0.32,,0
376,2015-10-27,21.6,0.81,0.78,0.8,0.29,0.38,0.34,0.25,3.0,0.0,0.48,,0
377,2015-11-03,22.3,0.81,0.8,0.81,0.34,0.42,0.38,0.27,2.8,0.0,0.22,,0
378,2015-11-10,22.0,1.09,1.13,1.11,0.77,0.86,0.82,0.3,2.9,0.0,0.49,,0
379,2015-11-17,22.2,0.59,0.62,0.61,0.26,0.27,0.27,0.23,3.1,0.0,0.59,,0
380,2015-11-24,20.9,0.9,0.85,0.88,0.4,0.42,0.41,0.27,3.7,0.0,0.62,,0
381,2015-12-01,19.7,0.51,0.49,0.5,0.19,0.16,0.18,0.24,3.1,0.0,0.44,,0
382,2015-12-08,18.0,0.74,0.68,0.71,0.53,0.47,0.5,0.29,2.7,0.0,0.51,,0
383,2015-12-15,19.5,0.71,0.72,0.71,0.31,0.28,0.3,0.2,3.0,0.0,0.7,,0
384,2015-12-22,17.8,1.28,1.2,1.24,0.51,0.57,0.54,0.25,3.5,0.0,0.31,,0
385,2016-01-05,18.5,0.88,0.91,0.89,0.52,0.53,0.52,0.31,4.0,0.0,0.32,,0
386,2016-01-12,17.4,0.93,0.99,0.96,0.51,0.45,0.48,0.34,4.3,0.0,0.95,,0
387,2016-01-12,17.0,0.84,0.81,0.82,0.38,0.42,0.4,0.29,3.9,0.0,0.54,,0
388,2016-01-19,15.8,1.46,1.44,1.45,0.57,0.56,0.56,0.37,4.7,0.0,0.62,,0
389,2016-01-26,15.7,3.67,3.51,3.59,0.46,0.49,0.48,0.29,2.1,0.0,0.31,,0
390,2016-02-02,15.8,1.39,1.43,1.41,0.71,0.6,0.65,0.42,5.0,0.0,1.04,,0
391,2016-02-09,15.8,2.41,2.35,2.38,1.05,1.02,1.03,0.37,4.9,0.0,0.47,,0
392,2016-02-16,15.8,1.53,1.56,1.55,1.0,0.99,1.0,0.39,4.9,0.0,0.63,,0
393,2016-03-01,14.8,2.01,2.8,2.4,1.27,0.29,0.78,0.5,5.2,0.0,1.31,,0
394,2016-03-01,15.1,1.78,1.7,1.74,0.94,1.11,1.02,0.43,5.6,0.0,0.41,,0
395,2016-03-08,16.0,0.9,0.9,0.9,0.52,0.44,0.48,0.34,3.1,0.0,0.84,,0
396,2016-03-15,16.5,1.98,1.99,1.99,0.48,0.58,0.53,0.34,3.6,0.0,0.35,,0
397,2016-03-22,16.8,1.76,1.81,1.78,0.55,0.35,0.45,0.25,4.1,0.0,0.55,,0
398,2016-03-29,16.9,1.57,1.29,1.43,1.18,0.84,1.01,0.25,3.9,0.0,0.66,,0
399,2016-04-12,16.4,2.47,2.3,2.38,0.94,1.02,0.98,0.32,5.5,0.0,0.63,,0
400,2016-04-12,16.4,2.82,2.85,2.83,1.15,1.1,1.13,0.21,5.6,0.0,0.54,,0
401,2016-04-19,16.3,2.33,2.51,2.42,0.84,0.88,0.86,0.32,3.8,0.0,0.45,,0
402,2016-04-26,15.7,1.73,1.53,1.63,1.19,1.08,1.13,0.43,5.1,0.0,0.63,,0
403,2016-05-03,16.9,1.92,1.92,1.92,0.56,0.5,0.53,0.26,3.9,0.0,0.28,,0
404,2016-05-10,17.8,1.37,1.23,1.3,0.6,0.69,0.64,0.18,3.0,0.0,0.37,,0
405,2016-05-17,17.6,1.1,1.18,1.14,0.51,0.35,0.43,0.3,2.9,0.0,0.5,,0
406,2016-05-24,18.0,0.56,0.61,0.58,0.13,0.25,0.19,0.26,2.5,0.0,0.64,,0
407,2016-05-31,18.9,1.14,2.24,1.69,0.31,0.0,0.0,0.21,3.0,0.0,0.84,,0
408,2016-06-07,18.0,0.77,0.75,0.76,0.23,0.29,0.26,0.21,3.6,0.0,0.5,,0
409,2016-06-14,18.7,1.76,1.79,1.77,0.5,0.53,0.51,0.23,4.0,0.0,0.24,,0
410,2016-06-28,19.0,3.51,3.45,3.48,1.13,1.23,1.18,0.12,3.4,0.0,0.88,,0
411,2016-06-28,17.9,5.63,5.63,5.63,1.44,1.49,1.46,0.21,7.0,0.0,0.38,,0
412,2016-07-05,18.6,2.23,2.22,2.23,0.37,0.42,0.39,0.18,3.9,0.0,0.52,,0
413,2016-07-12,17.6,3.83,3.47,3.65,1.14,1.02,1.08,0.35,6.1,0.0,0.64,,0
414,2016-07-19,20.7,2.89,3.01,2.95,0.48,0.48,0.48,0.22,5.3,0.0,0.56,,0
415,2016-08-02,22.0,2.68,2.53,2.61,0.84,0.99,0.91,0.0,4.6,0.0,0.59,,0
416,2016-08-02,20.0,2.78,2.72,2.75,0.78,0.88,0.83,0.18,4.4,0.0,0.4,,0
417,2016-08-09,23.5,4.53,4.36,4.45,0.59,0.7,0.64,0.0,3.3,0.0,0.69,,0
418,2016-08-16,23.7,4.12,3.96,4.04,0.31,0.36,0.33,0.0,2.5,0.0,0.34,,0
419,2016-08-23,24.3,5.3,4.94,5.12,0.18,0.39,0.29,0.11,2.0,0.0,0.87,,0
420,2016-08-30,22.4,6.86,7.29,7.07,2.9,2.31,2.61,0.17,3.3,0.0,0.53,,1
421,2016-09-06,22.2,3.71,5.07,4.39,3.62,5.69,4.65,0.16,3.6,0.0,0.71,,0
422,2016-09-13,19.1,2.12,2.05,2.08,0.66,0.72,0.69,0.29,4.5,0.0,1.05,,0
423,2016-09-20,20.9,2.21,2.33,2.27,0.9,0.9,0.9,0.24,3.6,0.0,0.61,,0
424,2016-10-04,21.2,1.81,1.87,1.84,0.42,0.29,0.35,0.23,2.9,0.0,0.46,,0
425,2016-10-04,20.3,1.56,1.54,1.55,0.42,0.43,0.42,0.27,3.0,0.0,0.4,,0
426,2016-10-11,19.0,2.58,3.02,2.8,0.58,0.56,0.57,0.29,3.8,0.0,0.37,,0
427,2016-10-18,18.0,1.27,1.36,1.31,0.3,0.39,0.34,0.31,3.6,0.0,0.67,,0
428,2016-10-25,18.8,1.86,1.9,1.88,0.56,0.35,0.45,0.35,3.5,0.0,0.83,,0
429,2016-11-01,19.9,1.97,1.87,1.92,0.19,0.21,0.2,0.2,3.3,0.0,0.38,,0
430,2016-11-08,17.9,2.24,2.25,2.25,0.64,0.77,0.7,0.3,3.8,0.0,0.76,,0
431,2016-11-15,17.2,2.56,2.54,2.55,0.97,0.99,0.98,0.24,3.4,0.0,0.77,,0
432,2016-11-22,18.6,1.83,1.85,1.84,0.57,0.68,0.63,0.23,2.8,0.0,0.35,,0
433,2016-11-29,18.6,1.13,1.21,1.17,0.45,0.39,0.42,0.26,2.4,0.0,1.21,,0
434,2016-12-06,19.1,1.22,1.06,1.14,0.16,0.22,0.19,0.21,2.2,0.0,0.6,,0
435,2016-12-13,17.6,0.95,1.04,1.0,0.4,0.36,0.38,0.29,2.5,0.0,0.38,,0
436,2016-12-20,16.4,1.32,1.43,1.37,0.67,0.65,0.66,0.15,2.8,0.0,0.8,,0
437,2016-12-27,14.8,1.83,1.79,1.81,0.9,0.65,0.78,0.39,3.6,0.0,0.6,,0
438,2017-01-03,15.7,1.58,1.63,1.6,0.77,0.76,0.77,0.32,2.4,0.0,1.3,,0
439,2017-01-10,14.3,2.54,2.6,2.57,0.94,1.01,0.98,0.61,4.7,0.0,0.55,,0
440,2017-01-17,15.3,1.15,1.11,1.13,0.43,0.4,0.41,0.55,2.9,0.0,1.48,,0
441,2017-01-24,15.2,0.88,0.9,0.89,0.37,0.4,0.38,0.13,2.1,0.0,0.99,,0
442,2017-01-31,15.5,1.18,1.15,1.16,0.54,0.45,0.5,0.32,2.9,0.0,0.82,,0
443,2017-02-07,15.0,1.23,1.28,1.26,0.51,0.56,0.54,0.4,3.7,0.0,1.17,,0
444,2017-02-14,14.6,0.85,0.8,0.82,0.69,0.67,0.68,0.43,4.9,0.0,2.15,,0
445,2017-02-21,14.7,1.77,1.74,1.76,0.58,0.6,0.59,0.43,4.6,0.0,0.85,,0
446,2017-02-28,14.7,1.26,1.08,1.17,0.48,0.48,0.48,0.33,3.1,0.0,1.19,,0
447,2017-03-07,14.3,2.34,2.34,2.34,1.08,1.1,1.09,0.5,5.8,0.0,1.61,,0
448,2017-03-14,15.2,1.11,1.09,1.1,0.64,0.58,0.61,0.22,3.4,0.0,1.25,,0
449,2017-03-21,14.5,1.47,1.59,1.53,0.78,0.7,0.74,0.54,5.2,0.0,1.0,,0
450,2017-03-28,14.9,2.51,2.52,2.52,0.9,0.97,0.93,0.4,6.6,0.0,1.19,,0
451,2017-04-04,16.1,2.56,2.66,2.61,1.0,0.92,0.96,0.27,6.0,0.0,0.67,,0
452,2017-04-11,16.1,2.61,2.63,2.62,1.26,1.25,1.25,0.31,5.1,0.0,0.98,,0
453,2017-04-18,15.0,5.46,6.31,5.88,0.94,1.16,1.05,0.42,6.5,0.0,1.32,,0
454,2017-04-25,17.2,6.98,5.41,6.2,0.9,0.93,0.92,0.22,4.3,0.0,0.53,,1
455,2017-05-02,15.5,9.58,7.7,8.64,0.98,1.37,1.18,0.34,6.8,0.0,0.65,,1
456,2017-05-09,15.9,11.19,10.87,11.03,2.27,2.11,2.19,0.29,9.0,0.0,0.7,,1
457,2017-05-16,16.7,3.53,3.81,3.67,1.03,1.05,1.04,0.27,2.7,0.0,1.19,,0
458,2017-05-23,17.0,3.3,3.55,3.43,1.05,0.95,1.0,0.23,1.5,0.0,1.34,,0
459,2017-05-30,16.4,4.98,5.22,5.1,0.99,0.81,0.9,0.57,2.0,0.0,1.05,,0
460,2017-06-06,17.2,4.57,4.41,4.49,0.84,0.95,0.9,0.21,3.4,0.0,0.49,,0
461,2017-06-13,19.1,3.12,3.28,3.2,1.04,1.17,1.1,0.15,3.2,0.0,0.59,,0
462,2017-06-20,14.7,8.93,8.5,8.71,3.74,3.09,3.42,0.51,3.2,0.0,0.54,,1
463,2017-06-27,18.0,1.76,1.77,1.77,0.89,0.89,0.89,0.16,1.1,0.0,1.14,,0
464,2017-07-04,18.5,2.24,2.4,2.32,0.9,0.87,0.88,0.29,3.0,0.0,0.71,,0
465,2017-07-11,21.1,2.69,2.8,2.75,0.88,0.82,0.85,0.15,2.5,0.0,0.84,,0
466,2017-07-18,16.9,3.14,3.13,3.14,0.8,0.83,0.82,0.32,6.3,0.0,0.86,,0
467,2017-07-25,20.0,2.82,3.02,2.92,0.41,0.44,0.42,0.17,7.5,0.0,0.47,,0
468,2017-08-01,22.4,1.59,1.57,1.58,0.4,0.44,0.42,0.0,4.5,0.0,0.63,,0
469,2017-08-08,23.2,1.31,1.3,1.3,0.29,0.42,0.35,0.0,2.3,0.0,0.57,,0
470,2017-08-15,23.8,2.03,2.05,2.04,0.57,0.61,0.59,0.0,1.9,0.0,0.55,,0
471,2017-08-22,23.7,2.76,3.08,2.92,1.13,1.51,1.32,0.0,1.3,0.0,0.68,,0
472,2017-08-29,21.8,2.42,2.43,2.43,0.86,0.8,0.83,0.11,2.1,0.0,0.49,,0
473,2017-09-05,19.9,2.49,2.54,2.52,0.54,0.54,0.54,0.21,3.3,0.0,0.9,,0
474,2017-09-12,21.9,2.8,2.69,2.75,0.43,0.45,0.44,0.0,0.0,0.0,0.37,,0
475,2017-09-19,21.0,2.35,2.38,2.37,0.64,0.86,0.75,0.11,0.0,0.0,0.31,,0
476,2017-10-03,22.5,1.71,1.75,1.73,0.39,0.34,0.36,0.0,1.2,0.0,0.42,,0
477,2017-10-03,21.8,1.16,1.25,1.2,0.49,0.48,0.49,0.14,1.4,0.0,0.57,,0
478,2017-10-10,21.1,1.3,1.35,1.32,0.5,0.5,0.5,0.15,1.6,0.0,1.2,,0
479,2017-10-17,19.8,1.26,1.19,1.22,0.55,0.51,0.53,0.14,2.1,0.0,0.62,,0
480,2017-10-24,20.2,0.76,0.8,0.78,0.31,0.33,0.32,0.14,2.1,0.0,1.09,,0
481,2017-10-31,19.7,0.9,0.97,0.94,0.35,0.4,0.37,0.2,2.7,0.0,1.18,,0
482,2017-11-07,20.3,1.37,1.41,1.39,0.52,0.55,0.54,0.2,2.9,0.0,1.09,,0
483,2017-11-14,18.9,1.97,2.03,2.0,0.94,0.88,0.91,0.26,3.7,0.0,0.56,,0
484,2017-11-21,19.4,1.44,1.54,1.49,0.53,0.48,0.5,0.14,2.5,0.0,1.27,,0
485,2017-11-28,18.1,1.98,1.96,1.97,0.52,0.65,0.59,0.31,3.4,0.0,0.54,,0
486,2017-12-05,17.3,1.5,1.6,1.55,0.9,0.79,0.85,0.32,3.4,0.0,0.75,,0
487,2017-12-12,15.7,2.45,2.35,2.4,0.81,0.88,0.85,0.42,4.8,0.0,0.32,,0
488,2017-12-19,17.1,1.84,1.79,1.82,0.65,0.73,0.69,0.33,2.8,0.0,0.56,,0
489,2017-12-26,16.5,0.88,0.82,0.85,0.44,0.45,0.45,0.26,2.5,0.0,0.38,,0
490,2018-01-02,16.4,0.8,0.83,0.81,0.5,0.46,0.48,0.28,2.3,0.0,0.61,,0
491,2018-01-09,16.4,0.65,0.69,0.67,0.36,0.35,0.36,0.42,2.3,0.0,0.63,,0
492,2018-01-16,15.6,1.24,1.22,1.23,0.48,0.54,0.51,0.25,2.5,0.0,0.44,,0
493,2018-01-30,16.3,0.68,0.65,0.67,0.37,0.39,0.38,0.3,2.5,0.0,0.54,,0
494,2018-01-30,16.3,0.94,0.96,0.95,0.6,0.66,0.63,0.35,2.7,0.0,1.25,,0
495,2018-02-13,16.3,0.89,0.86,0.88,0.59,0.58,0.58,0.32,3.1,0.0,0.92,,0
496,2018-02-13,15.5,1.22,1.23,1.22,0.61,0.56,0.59,0.37,3.4,0.0,0.43,,0
497,2018-02-20,15.5,2.46,2.63,2.54,0.61,0.54,0.57,0.27,3.5,0.0,0.53,,0
498,2018-02-27,15.7,1.29,1.23,1.26,0.27,0.3,0.29,0.26,2.3,0.0,0.64,,0
499,2018-03-06,16.2,1.03,1.03,1.03,0.32,0.27,0.3,0.27,2.3,0.0,0.33,,0
500,2018-03-13,15.9,1.31,1.44,1.37,0.54,0.6,0.57,0.36,1.8,0.0,1.05,,0
501,2018-03-20,14.4,1.83,1.77,1.8,0.73,0.72,0.73,0.4,3.7,0.0,0.48,,0
502,2018-03-27,14.5,1.43,1.49,1.46,0.52,0.49,0.51,0.3,4.7,0.0,0.0,,0
503,2018-04-03,15.4,2.03,2.05,2.04,0.62,0.63,0.62,0.22,2.1,0.0,0.0,,0
504,2018-04-10,14.8,1.69,1.65,1.67,0.7,0.77,0.73,0.33,4.2,0.0,0.39,,0
505,2018-04-17,13.1,3.14,3.34,3.24,1.68,1.87,1.78,0.81,11.4,0.0,0.25,,0
506,2018-04-24,13.6,5.21,5.21,5.21,1.39,1.5,1.45,0.41,8.6,0.0,0.33,,0
507,2018-05-08,17.5,2.07,2.24,2.15,0.6,0.5,0.55,0.16,4.6,0.0,0.31,,0
508,2018-05-08,15.9,2.41,2.41,2.41,0.94,1.13,1.03,0.32,7.0,0.0,0.47,,0
509,2018-05-15,16.8,4.79,5.13,4.96,1.81,1.75,1.78,0.12,8.0,0.0,0.0,,0
510,2018-05-22,14.2,3.49,3.45,3.47,1.5,1.56,1.53,0.74,13.4,0.0,1.18,,0
511,2018-05-29,16.0,5.74,6.08,5.91,3.02,3.4,3.21,0.5,12.3,0.0,0.35,,0
512,2018-06-05,18.2,2.26,2.38,2.32,1.3,1.35,1.32,0.18,5.3,0.0,0.0,,0
513,2018-06-12,17.0,5.41,6.27,5.84,4.23,5.92,5.07,0.29,5.9,0.0,0.6,,0
514,2018-06-26,18.1,3.26,3.48,3.37,2.44,2.41,2.43,0.2,4.7,0.0,0.0,,0
515,2018-06-26,19.1,3.39,3.51,3.45,2.51,2.48,2.49,0.19,5.7,0.0,0.41,,0
516,2018-07-03,20.0,3.64,3.59,3.61,1.99,1.9,1.95,0.15,3.8,0.0,0.32,,0
517,2018-07-10,19.7,2.95,2.86,2.91,1.66,2.05,1.86,0.0,3.1,0.0,0.22,,0
518,2018-07-17,20.0,0.8,0.88,0.84,0.29,0.31,0.3,0.14,1.4,0.0,0.0,,0
519,2018-07-24,21.4,2.01,2.02,2.01,0.39,0.36,0.38,0.0,1.4,0.0,0.0,,0
520,2018-07-31,23.0,1.15,1.16,1.15,0.15,0.2,0.18,0.0,1.7,0.0,0.35,,0
521,2018-08-07,21.2,2.26,2.26,2.26,0.42,0.48,0.45,0.13,3.3,0.0,0.58,,0
522,2018-08-14,23.1,1.19,1.2,1.19,0.17,0.27,0.22,0.11,1.6,0.0,0.33,,0
523,2018-08-21,25.3,1.77,1.76,1.77,0.21,0.29,0.25,0.0,0.0,0.0,0.3,,0
524,2018-08-28,25.5,2.54,2.59,2.56,0.69,0.68,0.68,0.0,1.1,0.0,0.0,,0
525,2018-09-04,25.1,1.1,1.07,1.08,0.12,0.19,0.15,0.0,1.4,0.0,0.0,,0
526,2018-09-11,23.1,1.48,1.46,1.47,0.35,0.33,0.34,0.35,2.2,0.0,0.0,,0
527,2018-09-18,23.7,2.77,2.8,2.78,0.35,0.38,0.36,0.13,1.3,0.0,0.0,,0
528,2018-10-02,23.1,6.55,6.85,6.7,0.77,1.16,0.96,0.0,0.0,0.0,0.41,,0
529,2018-10-02,21.3,1.65,1.61,1.63,0.35,0.36,0.35,0.23,1.6,0.0,0.46,,0
530,2018-10-09,21.9,1.61,1.64,1.62,0.41,0.35,0.38,0.14,1.9,0.0,0.0,,0
531,2018-10-16,21.3,1.7,1.64,1.67,0.26,0.26,0.26,0.11,2.1,0.0,0.0,,0
532,2018-10-23,20.3,1.2,1.17,1.19,0.2,0.2,0.2,0.0,2.5,0.0,0.0,,0
533,2018-10-30,18.7,0.17,0.97,0.57,0.0,0.06,0.0,0.18,2.8,0.0,0.27,,0
534,2018-11-06,18.1,1.43,1.44,1.44,0.18,0.19,0.18,0.23,2.8,0.0,0.53,,0
535,2018-11-13,18.8,0.79,0.8,0.8,0.0,0.0,0.0,0.17,2.6,0.0,0.0,,0
536,2018-11-20,19.0,1.02,1.05,1.04,0.05,0.05,0.05,0.12,2.4,0.0,0.0,,0
537,2018-11-27,19.0,0.46,0.44,0.45,0.17,0.18,0.17,0.12,2.1,0.0,0.25,,0
538,2018-12-11,17.5,0.73,0.71,0.72,0.37,0.43,0.4,0.24,2.7,0.0,0.21,,0
539,2018-12-11,18.2,0.6,0.59,0.6,0.0,0.0,0.0,0.2,2.2,0.0,0.34,,0
540,2018-12-18,17.9,0.92,1.08,1.0,0.2,0.28,0.24,0.19,2.4,0.0,0.0,,0
541,2018-12-25,17.1,1.02,0.99,1.0,0.22,0.17,0.19,0.25,2.9,0.0,0.4,,0
542,2019-01-01,16.9,0.64,0.62,0.63,0.09,0.07,0.08,0.4,1.7,0.0,0.65,,0
543,2019-01-08,16.8,1.13,1.1,1.11,0.51,0.48,0.49,0.4,1.8,0.0,0.59,,0
544,2019-01-15,16.7,0.96,0.95,0.95,0.31,0.38,0.34,0.44,2.1,0.0,0.78,,0
545,2019-01-22,15.7,2.03,2.09,2.06,0.63,0.57,0.6,0.45,3.5,0.0,0.45,,0
546,2019-01-29,15.3,0.71,0.69,0.7,0.46,0.48,0.47,0.48,2.5,0.0,0.42,20852.0,0
547,2019-02-05,15.6,0.65,0.68,0.67,0.19,0.2,0.19,0.5,1.9,0.0,0.34,23347.0,0
548,2019-02-19,15.5,1.42,1.41,1.41,0.67,0.65,0.66,0.47,2.9,0.0,0.37,38468.0,0
549,2019-02-19,15.3,1.47,1.49,1.48,0.6,0.6,0.6,0.44,3.1,0.0,0.63,60490.0,0
550,2019-02-26,15.6,0.95,0.99,0.97,0.2,0.24,0.22,0.48,2.3,0.0,0.41,110141.0,0
551,2019-03-05,14.8,1.57,1.54,1.56,0.47,0.57,0.52,0.49,2.2,0.0,0.0,267843.0,0
552,2019-03-19,14.5,0.74,0.74,0.74,0.39,0.42,0.4,0.58,5.4,0.0,1.31,43091.0,0
553,2019-03-19,14.0,2.03,1.91,1.97,0.52,0.63,0.57,0.54,3.2,0.0,0.74,428048.0,0
554,2019-03-26,14.6,1.5,1.49,1.49,0.7,0.82,0.76,0.54,0.0,0.0,0.88,399262.0,0
555,2019-04-02,14.6,2.23,2.28,2.26,0.84,0.82,0.83,0.48,1.2,0.0,2.21,61441.0,0
556,2019-04-09,15.7,1.32,1.46,1.39,0.6,0.49,0.55,0.47,2.3,0.0,0.8,55324.0,0
557,2019-04-16,15.8,1.56,1.52,1.54,1.01,0.91,0.96,0.44,2.1,0.0,0.93,268469.0,0
558,2019-04-23,16.0,2.41,2.2,2.3,1.24,1.24,1.24,0.34,3.8,0.0,0.39,116629.0,0
559,2019-04-30,16.1,2.09,1.93,2.01,0.79,0.91,0.85,0.48,3.5,0.0,1.02,276604.0,0
560,2019-05-07,16.0,2.74,2.65,2.7,0.64,0.66,0.65,0.38,5.1,0.0,0.62,103987.0,0
561,2019-05-14,17.0,0.46,0.44,0.45,0.07,0.07,0.07,0.28,3.7,0.0,0.41,54509.0,0
562,2019-05-21,17.8,1.48,1.38,1.43,0.52,0.5,0.51,0.29,3.4,0.0,0.43,79112.0,0
563,2019-05-28,18.4,0.9,0.92,0.91,0.27,0.35,0.31,0.24,3.7,0.0,1.14,50702.0,0
564,2019-06-04,18.3,2.12,2.31,2.21,0.51,0.39,0.45,0.28,4.9,0.0,0.97,143309.0,0
565,2019-06-11,17.6,8.8,8.28,8.54,1.15,1.61,1.38,0.3,6.2,0.0,0.5,364843.0,1
566,2019-06-25,17.2,5.82,5.83,5.82,0.56,0.64,0.6,0.27,6.6,0.0,0.42,440565.0,0
567,2019-06-25,18.0,54.68,56.69,55.68,0.0,0.0,0.0,0.17,6.3,0.0,0.0,1359867.0,1
568,2019-07-02,19.2,6.27,6.28,6.28,1.11,0.8,0.95,0.21,4.0,0.0,0.6,303514.0,0
569,2019-07-09,19.4,17.31,16.05,16.68,2.2,4.56,3.38,0.16,4.2,0.0,0.69,630809.0,1
570,2019-07-16,19.8,4.34,4.24,4.29,1.18,1.31,1.25,0.3,3.5,0.0,1.45,279734.0,0
571,2019-07-23,17.8,1.89,1.84,1.86,0.45,0.54,0.5,0.28,4.1,0.0,1.02,260959.0,0
572,2019-07-30,19.3,0.94,0.94,0.94,0.41,0.44,0.43,0.21,3.7,0.0,1.85,264088.0,0
573,2019-08-06,21.3,3.21,3.3,3.26,1.03,1.1,1.07,0.0,1.8,0.0,0.23,296004.0,0
574,2019-08-13,22.2,1.73,1.74,1.74,0.65,0.75,0.7,0.14,1.1,0.0,1.3,180921.0,0
575,2019-08-20,22.8,1.87,1.97,1.92,0.68,0.74,0.71,0.14,2.0,0.0,0.73,146870.0,0
576,2019-08-27,21.5,1.82,1.86,1.84,0.92,1.02,0.97,0.11,2.3,0.0,0.58,142593.0,0
577,2019-09-03,21.4,5.99,6.52,6.26,1.6,1.79,1.69,0.0,2.1,0.0,0.21,377358.0,0
578,2019-09-10,21.5,2.67,2.71,2.69,0.71,0.7,0.71,0.0,1.6,0.0,0.45,578866.0,0
579,2019-09-17,19.9,6.7,6.9,6.8,1.63,1.35,1.49,0.19,2.2,0.0,0.54,787884.0,1
580,2019-10-01,25.2,4.21,4.62,4.42,1.53,1.55,1.54,0.0,0.0,0.0,0.0,210694.0,0
581,2019-10-01,24.2,2.15,2.01,2.08,0.54,0.82,0.68,0.0,1.0,0.0,0.21,117173.0,0
582,2019-10-08,23.6,1.77,1.79,1.78,0.63,0.7,0.67,0.0,1.4,0.0,0.0,108473.0,0
583,2019-10-15,20.9,2.2,2.14,2.17,0.74,0.72,0.73,0.0,2.3,0.0,0.78,154418.0,0
584,2019-10-22,21.0,2.4,2.31,2.36,1.01,0.99,1.0,0.0,1.8,0.0,0.21,245314.0,0
585,2019-10-29,19.3,2.2,2.14,2.17,0.93,0.87,0.9,0.17,2.8,0.0,0.34,369224.0,0
586,2019-11-05,18.9,1.29,1.42,1.36,0.43,0.47,0.45,0.0,3.1,0.0,0.57,300385.0,0
587,2019-11-12,17.9,0.19,0.12,0.16,3.11,3.17,3.14,0.17,4.2,0.0,0.75,426797.0,0
588,2019-11-19,19.7,0.97,1.0,0.98,0.38,0.43,0.41,0.0,1.9,0.0,0.0,256579.0,0
589,2019-11-26,18.7,0.84,0.84,0.84,0.34,0.33,0.33,0.12,2.4,0.0,0.98,60081.0,0
590,2019-12-10,18.4,0.95,0.94,0.94,0.49,0.5,0.49,0.13,2.1,0.0,1.13,41051.0,0
591,2019-12-10,16.9,1.26,1.3,1.28,0.58,0.66,0.62,0.2,3.9,0.0,0.87,65655.0,0
592,2019-12-17,16.9,1.4,1.46,1.43,0.73,0.74,0.74,0.21,3.0,0.0,0.78,254702.0,0
593,2019-12-24,16.5,2.41,2.42,2.42,0.81,0.81,0.81,0.16,3.2,0.0,0.37,335430.0,0
594,2019-12-31,16.8,1.28,1.28,1.28,0.62,0.67,0.64,0.15,2.6,0.0,0.42,118152.0,0
595,2020-01-07,16.1,2.66,2.11,2.39,0.94,0.86,0.9,0.15,3.8,0.0,0.35,166463.0,0
596,2020-01-14,15.5,1.55,1.43,1.49,0.51,0.6,0.55,0.16,2.5,0.0,0.8,142057.0,0
597,2020-01-21,15.1,1.59,1.67,1.63,0.65,0.65,0.65,0.24,3.3,0.0,1.25,79656.0,0
598,2020-01-28,15.5,1.06,1.17,1.11,0.62,0.71,0.67,0.18,3.0,0.0,0.57,115691.0,0
599,2020-02-04,15.3,1.14,1.09,1.12,0.55,0.61,0.58,0.32,3.6,0.0,0.83,125127.0,0
600,2020-02-18,15.4,1.47,1.36,1.42,0.61,0.74,0.68,0.27,2.8,0.0,0.47,87811.0,0
601,2020-02-18,15.6,0.58,0.56,0.57,0.25,0.24,0.24,0.24,2.5,0.0,0.6,45129.0,0
602,2020-02-25,15.5,0.79,0.82,0.8,0.55,0.56,0.56,0.29,2.7,0.0,0.75,65927.0,0
603,2020-03-03,14.8,0.99,1.0,0.99,0.37,0.35,0.36,0.26,2.9,0.0,0.52,98006.0,0
604,2020-03-17,15.6,0.94,0.85,0.9,0.42,0.48,0.45,0.33,2.5,0.0,0.84,226459.0,0
605,2020-03-17,15.7,0.83,0.84,0.84,0.29,0.28,0.28,0.28,2.4,0.0,0.29,101269.0,0
606,2020-03-24,15.8,0.82,0.84,0.83,0.31,0.28,0.3,0.23,2.1,0.0,0.37,204011.0,0
607,2020-03-31,16.1,0.72,0.72,0.72,0.27,0.24,0.25,0.25,2.0,0.0,0.79,73435.0,0
608,2020-04-07,16.4,1.93,1.54,1.73,0.37,0.78,0.58,0.16,2.3,0.0,0.44,105075.0,0
609,2020-04-14,16.5,0.87,0.86,0.86,0.37,0.3,0.33,0.21,2.4,0.0,0.55,102221.0,0
610,2020-04-21,16.3,,,,,,,0.28,3.8,0.0,0.66,,0
611,2020-05-05,16.0,,,,,,,0.28,3.8,0.0,0.27,,0
612,2020-05-05,16.3,,,,,,,0.31,7.0,0.0,0.24,,0
613,2020-05-12,16.7,,,,,,,0.12,8.2,0.0,0.0,,0
614,2020-05-19,19.9,,,,,,,0.13,8.3,0.0,0.0,,0
615,2020-05-26,19.5,,,,,,,0.32,11.0,0.0,0.32,,0
616,2020-06-02,20.5,,,,,,,0.15,6.6,0.0,0.0,,0
617,2020-06-09,20.5,,,,,,,0.57,5.5,0.0,11.44,,0
618,2020-06-23,19.3,,,,,,,0.0,1.3,0.0,0.0,,0
619,2020-06-23,16.4,4.6,4.52,4.56,1.3,1.51,1.4,0.4,7.0,0.0,0.29,2319222.0,0
620,2020-06-30,19.0,1.64,1.56,1.6,0.61,0.75,0.68,0.26,3.2,0.0,0.34,550706.0,0
621,2020-07-07,20.6,2.45,2.25,2.35,0.97,1.14,1.05,0.19,3.0,0.0,0.0,111328.0,0
622,2020-07-14,20.4,2.61,2.46,2.54,1.1,1.12,1.11,0.14,2.5,0.0,0.0,173721.0,0
623,2020-07-21,20.0,2.14,2.01,2.08,0.8,0.91,0.86,0.17,3.8,0.0,0.26,146460.0,0
624,2020-07-28,22.2,2.49,2.38,2.44,0.62,0.67,0.65,0.1,3.9,0.0,0.0,169023.0,0
625,2020-08-04,23.3,3.39,3.19,3.29,0.94,1.14,1.04,0.11,2.7,0.0,0.0,182972.0,0
626,2020-08-11,15.3,2.71,2.87,2.79,1.77,1.23,1.5,0.66,8.7,0.0,1.04,304140.0,0
627,2020-08-18,20.3,4.04,3.67,3.86,1.12,1.55,1.33,0.19,4.2,0.0,0.0,328546.0,0
628,2020-08-25,19.0,1.6,1.59,1.59,0.54,0.57,0.55,0.3,3.0,0.0,0.0,534434.0,0
629,2020-09-01,19.9,3.74,3.58,3.66,0.76,0.84,0.8,0.17,2.6,0.0,0.0,807284.0,0
630,2020-09-08,22.0,0.93,0.93,0.93,0.27,0.31,0.29,0.14,1.9,0.0,0.22,120299.0,0
631,2020-09-15,24.7,2.18,2.06,2.12,0.56,0.57,0.57,0.14,1.5,0.0,0.0,71772.0,0
632,2020-09-22,17.3,1.62,1.7,1.66,0.41,0.46,0.44,0.37,3.3,0.0,0.0,372978.0,0
633,2020-10-06,22.0,1.64,1.57,1.6,0.59,0.58,0.59,0.21,1.9,0.0,1.16,78297.0,0
634,2020-10-06,21.9,1.58,1.58,1.58,0.37,0.42,0.39,0.1,1.7,0.0,0.0,94473.0,0
635,2020-10-13,21.3,1.72,1.8,1.76,0.82,0.72,0.77,0.0,2.6,0.0,0.31,63072.0,0
636,2020-10-20,21.0,1.85,1.8,1.83,0.4,0.45,0.42,0.0,2.4,0.0,0.41,72180.0,0
637,2020-10-27,20.4,1.61,1.55,1.58,0.42,0.42,0.42,0.11,2.5,0.0,0.43,91754.0,0
638,2020-11-03,21.2,1.78,1.77,1.78,0.44,0.49,0.46,0.0,2.2,0.0,0.0,94200.0,0
639,2020-11-10,21.1,1.64,1.59,1.61,0.36,0.47,0.42,0.0,2.1,0.0,0.0,104123.0,0
640,2020-11-17,20.0,1.68,1.54,1.61,0.47,0.73,0.6,0.0,2.2,0.0,0.61,93657.0,0
641,2020-11-24,17.8,1.46,1.44,1.45,0.45,0.39,0.42,0.18,3.6,0.0,0.34,57771.0,0
642,2020-12-01,17.4,2.03,2.02,2.02,1.03,1.01,1.02,0.25,3.1,0.0,0.61,228510.0,0
643,2020-12-08,15.6,4.88,4.64,4.76,1.02,1.16,1.09,0.26,4.1,0.0,0.0,502519.0,0
644,2020-12-15,16.3,3.01,2.85,2.93,0.92,0.82,0.87,0.22,3.9,0.0,0.2,216527.0,0
645,2020-12-22,16.3,1.56,1.51,1.54,0.45,0.39,0.42,0.16,3.3,0.0,0.67,119529.0,0
646,2020-12-29,15.7,1.57,1.42,1.5,0.35,0.4,0.37,0.2,2.8,0.0,0.42,72180.0,0
647,2021-01-05,15.7,1.91,1.93,1.92,0.47,0.46,0.46,0.22,2.9,0.0,0.41,91486.0,0
648,2021-01-12,15.2,2.87,2.9,2.88,0.92,0.85,0.89,0.21,3.4,0.0,0.31,91618.0,0
649,2021-01-19,14.8,2.98,2.82,2.9,0.66,0.75,0.7,0.24,3.6,0.0,0.39,178980.0,0
650,2021-01-26,14.6,3.32,3.65,3.48,0.92,0.66,0.79,0.27,4.3,0.0,0.4,247818.0,0
651,2021-02-02,13.9,4.25,4.19,4.22,0.8,0.63,0.71,0.46,5.7,0.0,0.23,169592.0,0
652,2021-02-09,15.0,5.4,5.48,5.44,0.93,0.54,0.73,0.17,3.5,0.0,3.94,281610.0,0
653,2021-02-23,14.7,2.74,2.19,2.47,1.26,1.82,1.54,0.32,2.9,0.0,2.03,112645.0,0
654,2021-02-23,14.5,4.2,4.02,4.11,0.81,0.63,0.72,0.27,3.9,0.0,0.0,162083.0,0
655,2021-03-02,14.3,7.95,7.98,7.96,1.06,0.95,1.0,0.26,4.1,0.0,0.42,306017.0,1
656,2021-03-16,14.7,3.23,3.24,3.23,0.64,0.75,0.7,0.2,2.6,0.0,0.3,200882.0,0
657,2021-03-16,14.4,2.46,2.45,2.46,0.66,0.62,0.64,0.33,6.1,0.0,0.0,166463.0,0
658,2021-03-23,14.6,1.74,1.94,1.84,0.34,0.49,0.42,0.26,5.5,0.0,0.52,193373.0,0
659,2021-03-30,14.6,4.37,4.37,4.37,0.81,1.01,0.91,0.29,9.5,0.0,2.57,314153.0,0
660,2021-04-06,14.9,5.95,5.75,5.85,1.1,1.08,1.09,0.16,5.1,0.0,0.31,262211.0,0
661,2021-04-13,13.3,8.02,9.18,8.6,1.31,1.35,1.33,0.63,13.5,0.0,0.49,386120.0,1
662,2021-04-20,14.8,8.29,8.38,8.34,0.51,0.03,0.27,0.28,8.2,0.0,0.31,536312.0,1
663,2021-04-27,16.3,4.33,4.24,4.29,0.69,0.51,0.6,0.2,3.5,0.0,0.0,306018.0,0
664,2021-05-04,17.7,3.66,3.66,3.66,0.74,0.67,0.71,0.0,4.0,0.0,0.0,212146.0,0
665,2021-05-11,17.1,6.43,6.46,6.45,0.7,0.63,0.66,0.21,7.3,0.0,0.0,404268.0,0
666,2021-05-18,16.4,1.92,1.94,1.93,0.32,0.33,0.33,0.22,8.8,0.0,0.27,348572.0,0
667,2021-05-25,17.2,3.71,3.88,3.8,1.12,1.14,1.13,0.21,7.8,0.0,0.21,414281.0,0
668,2021-06-01,18.0,4.62,4.55,4.59,0.68,0.84,0.76,0.0,5.2,0.0,0.24,326043.0,0
669,2021-06-08,18.1,4.03,3.8,3.91,0.59,0.72,0.65,0.14,5.8,0.0,1.23,165972.0,0
670,2021-06-15,19.4,1.51,1.62,1.56,0.3,0.3,0.3,0.0,3.7,0.0,0.29,,0
671,2021-06-29,19.6,2.37,2.43,2.4,0.75,0.74,0.75,0.0,3.1,0.0,0.37,,0
672,2021-06-29,19.4,4.37,4.26,4.31,1.07,0.92,0.99,0.1,2.4,0.0,0.0,,0
673,2021-07-06,19.9,1.39,1.42,1.4,0.43,0.45,0.44,0.0,2.5,0.0,0.23,,0
674,2021-07-13,19.7,1.34,1.3,1.32,0.43,0.45,0.44,0.15,2.4,0.0,0.6,,0
675,2021-07-20,19.1,1.47,1.87,1.67,0.48,0.66,0.57,0.19,2.5,0.0,0.96,,0
676,2021-08-03,21.0,2.13,2.18,2.15,0.65,0.68,0.66,0.0,1.0,0.0,0.37,,0
677,2021-08-03,22.1,0.61,1.18,0.89,1.53,0.4,0.97,0.15,1.3,0.0,0.76,,0
678,2021-08-10,23.4,1.4,1.34,1.37,0.31,0.33,0.32,0.13,1.5,0.0,0.43,,0
679,2021-08-17,22.6,1.62,1.4,1.51,0.0,0.35,0.16,0.0,0.0,0.0,0.0,,0
680,2021-08-24,16.0,1.1,2.4,1.75,1.88,0.67,1.27,0.34,2.8,0.0,0.46,,0
681,2021-08-31,21.2,1.83,1.84,1.84,0.31,0.33,0.32,0.0,0.0,0.0,0.38,,0
682,2021-09-07,20.2,2.05,2.01,2.03,0.49,0.54,0.51,0.11,2.6,0.0,0.25,,0
683,2021-09-14,21.7,2.71,2.93,2.82,0.83,0.91,0.87,0.0,1.6,0.0,0.0,,0
684,2021-09-21,20.3,2.37,2.33,2.35,0.88,0.91,0.9,0.0,2.8,0.0,0.61,,0
685,2021-10-05,20.3,2.1,2.04,2.07,0.46,0.46,0.46,0.12,3.0,0.0,0.26,,0
686,2021-10-05,17.1,4.82,4.86,4.84,1.14,1.11,1.12,0.36,5.6,0.0,0.22,,0
687,2021-10-12,18.8,2.11,2.19,2.15,0.55,0.55,0.55,0.27,4.9,0.0,0.76,138922.0,0
688,2021-10-19,18.1,2.7,2.74,2.72,0.77,0.83,0.8,0.2,2.8,0.0,0.3,,0
689,2021-10-26,19.9,2.25,2.26,2.26,0.37,0.38,0.38,0.0,1.9,0.0,0.38,,0
690,2021-11-02,19.0,4.85,4.86,4.86,0.97,0.96,0.96,0.17,2.1,0.0,0.0,,0
691,2021-11-09,18.9,1.02,0.99,1.01,0.29,0.26,0.28,0.18,1.3,0.0,0.25,,0
692,2021-11-16,18.1,3.42,3.44,3.43,1.04,0.97,1.0,0.16,1.8,0.0,0.0,,0
693,2021-11-23,18.6,1.81,1.81,1.81,0.39,0.38,0.38,0.14,1.6,0.0,0.0,67587.0,0
694,2021-11-30,18.2,2.1,2.18,2.14,0.37,0.35,0.36,0.15,1.7,0.0,0.0,133742.0,0
695,2021-12-07,17.4,11.49,11.04,11.26,0.57,0.76,0.66,0.18,2.3,0.0,0.34,229670.0,1
696,2021-12-14,17.5,2.58,2.45,2.51,0.95,1.1,1.03,0.19,2.3,0.0,0.0,139553.0,0
697,2021-12-21,17.1,1.07,1.09,1.08,0.34,0.32,0.33,0.24,1.7,0.0,0.64,77600.0,0
698,2021-12-28,15.8,8.59,8.63,8.61,0.28,0.14,0.21,0.38,3.0,0.0,0.31,147064.0,1
699,2022-01-04,15.8,1.98,1.95,1.97,0.3,0.34,0.32,0.32,2.2,0.0,0.49,43906.0,0
700,2022-01-11,15.2,1.9,1.9,1.9,0.5,0.43,0.46,0.33,2.6,0.0,0.49,173347.0,0
701,2022-01-18,15.1,1.24,1.21,1.22,0.24,0.24,0.24,0.31,2.1,0.0,0.59,82918.0,0
702,2022-01-25,15.2,1.0,0.97,0.98,0.38,0.38,0.38,0.31,1.7,0.0,0.0,157702.0,0
703,2022-02-01,15.1,1.52,1.57,1.54,0.48,0.45,0.46,0.34,2.1,0.0,0.0,38197.0,0
704,2022-02-15,15.6,1.01,1.06,1.03,0.33,0.34,0.33,0.29,1.3,0.0,0.0,15496.0,0
705,2022-02-15,15.1,2.5,2.46,2.48,0.49,0.51,0.5,0.38,2.7,0.0,0.0,53421.0,0
706,2022-02-22,15.6,0.54,0.52,0.53,0.16,0.16,0.16,0.29,1.6,0.0,0.0,15225.0,0
707,2022-03-01,15.2,1.39,1.43,1.41,0.27,0.33,0.3,0.33,2.7,0.0,0.39,55052.0,0
708,2022-03-08,16.0,1.13,1.14,1.14,0.26,0.22,0.24,0.27,2.1,0.0,0.38,212147.0,0
709,2022-03-22,15.1,1.84,1.77,1.81,0.31,0.33,0.32,0.28,1.8,0.0,0.35,168203.0,0
710,2022-03-22,14.7,4.29,2.47,3.38,0.45,2.31,1.38,0.22,3.6,0.0,0.0,109516.0,0
711,2022-03-29,15.2,1.83,1.82,1.82,0.35,0.28,0.31,0.26,3.4,0.0,0.2,222786.0,0
712,2022-04-05,15.5,5.01,4.93,4.97,0.22,0.29,0.25,0.18,2.4,0.0,0.28,183986.0,0
713,2022-04-12,16.0,11.1,10.92,11.01,0.88,0.61,0.74,0.15,4.1,0.0,0.0,348572.0,1
714,2022-04-19,15.1,5.05,5.35,5.2,0.51,0.1,0.3,0.28,4.7,0.0,0.3,583247.0,0
715,2022-04-26,16.0,4.8,4.33,4.57,0.52,0.73,0.63,0.22,4.0,0.0,0.43,173347.0,0
716,2022-05-03,17.0,2.83,2.75,2.79,0.5,0.66,0.58,0.2,4.2,0.0,0.43,187114.0,0
717,2022-05-10,15.4,2.43,6.52,4.48,6.03,1.51,3.77,0.49,8.4,0.0,0.61,263463.0,0
718,2022-05-17,15.6,8.2,8.03,8.12,0.75,0.8,0.78,0.33,13.2,0.0,0.0,737195.0,1
719,2022-05-24,16.1,3.24,3.31,3.28,0.62,0.46,0.54,0.2,5.8,0.0,0.39,572609.0,0
720,2022-05-31,17.7,3.06,3.22,3.14,0.64,0.67,0.66,,,,,488126.0,0
721,2022-06-07,17.2,11.81,,11.81,1.09,,1.09,,,,,870449.0,1
722,2022-06-14,17.4,3.08,3.31,3.19,1.18,0.76,0.97,,,,,203386.0,0
723,2022-06-28,19.1,5.94,5.7,5.82,0.72,0.64,0.68,,,,,466222.0,0
724,2022-06-28,20.9,2.19,2.27,2.23,0.49,0.52,0.51,,,,,237805.0,0
725,2022-07-05,19.5,1.95,1.92,1.93,0.41,0.43,0.42,,,,,96999.0,0
726,2022-07-19,21.2,1.25,1.39,1.32,0.49,0.42,0.46,,,,,101380.0,0
727,2022-07-19,18.4,2.33,2.27,2.3,0.39,0.41,0.4,,,,,183360.0,0
728,2022-08-02,21.5,2.55,2.6,2.58,0.44,0.43,0.44,,,,,236553.0,0
729,2022-08-02,20.6,4.89,5.02,4.95,0.8,0.7,0.75,,,,,474984.0,0
730,2022-08-09,19.1,1.93,2.01,1.97,0.4,0.39,0.4,,,,,269095.0,0
731,2022-08-16,22.1,4.41,4.28,4.34,0.51,0.54,0.52,,,,,625176.0,0
732,2022-08-23,23.5,1.29,1.28,1.29,0.3,0.35,0.32,,,,,343566.0,0
733,2022-08-30,19.7,1.94,2.03,1.98,0.4,0.49,0.44,,,,,230921.0,0
734,2022-09-06,23.7,1.25,1.26,1.25,0.25,0.27,0.26,,,,,429300.0,0
735,2022-09-13,22.3,1.56,1.54,1.55,0.38,0.44,0.41,,,,,606402.0,0
736,2022-09-20,23.6,0.95,0.94,0.95,0.19,0.2,0.19,,,,,530680.0,0
737,2022-10-04,24.8,1.12,1.13,1.12,0.23,0.21,0.22,,,,,504397.0,0
738,2022-10-04,21.6,1.23,1.29,1.26,0.27,0.25,0.26,,,,,85110.0,0
739,2022-10-11,21.5,0.91,0.89,0.9,0.25,0.24,0.25,,,,,151444.0,0
740,2022-10-18,21.7,13.24,13.43,13.33,1.86,1.86,1.86,,,,,484996.0,1
741,2022-10-25,19.8,6.83,6.86,6.84,0.58,0.56,0.57,,,,,239056.0,1
742,2022-11-01,20.3,10.8,10.8,10.8,1.11,1.14,1.12,,,,,456209.0,1
743,2022-11-08,20.2,14.0,14.06,14.03,1.83,2.69,2.26,,,,,657092.0,1
744,2022-11-15,20.4,1.22,1.25,1.24,0.25,0.23,0.24,,,,,93870.0,0
745,2022-11-22,19.8,2.34,2.33,2.34,0.63,0.6,0.62,,,,,280985.0,0
