time,Temp,Chl1,Chl2,Avg_Chloro,Phaeo1,Phaeo2,Avg_Phaeo,Phosphate,Silicate,Nitrite,Ammonium,Total_Phytoplankton,hab_RT_status
UTC,degree_C,mg/m3,mg/m3,mg/m3,mg/m3,mg/m3,mg/m3,uM,uM,uM,uM,cells/L,categorical 0/1
2008-06-30T15:00:00Z,19.8,1.81,1.83,1.82,0.59,0.61,0.6,0.24,5.6,0.03,0.53,,0
2008-07-07T15:00:00Z,17.3,2.68,2.73,2.71,1.24,1.12,1.18,0.37,5.1,0.04,1.06,,0
2008-07-14T14:54:00Z,21.7,0.99,1.0,0.99,0.55,0.54,0.55,0.24,3.5,0.0,0.35,,0
2008-07-21T14:50:00Z,20.2,1.21,1.24,1.23,0.49,0.48,0.48,0.17,4.2,0.0,0.55,,0
2008-07-28T16:44:00Z,22.4,2.37,2.44,2.41,0.41,0.36,0.39,0.12,3.8,0.0,0.62,,0
2008-08-04T15:25:00Z,23.0,1.95,1.85,1.9,0.41,0.35,0.38,0.15,3.6,0.0,0.46,,0
2008-08-11T16:00:00Z,22.0,1.91,1.69,1.8,0.66,0.6,0.63,0.27,2.6,0.0,0.8,,0
2008-08-18T15:05:00Z,24.4,1.86,1.78,1.82,0.43,0.44,0.43,0.19,2.6,0.0,0.0,,0
2008-08-25T15:05:00Z,19.7,1.73,1.72,1.72,0.44,0.49,0.47,0.27,3.4,0.01,1.09,,0
2008-09-02T16:44:00Z,21.8,1.37,1.33,1.35,0.2,0.22,0.21,0.21,3.2,0.0,1.01,,0
2008-09-08T14:45:00Z,21.6,1.64,1.68,1.66,0.28,0.31,0.3,0.2,3.7,0.12,0.97,,0
2008-09-15T14:50:00Z,19.2,3.95,3.8,3.88,0.46,0.56,0.51,0.19,3.1,0.0,0.46,,0
2008-09-22T14:45:00Z,19.0,2.14,2.15,2.14,0.38,0.35,0.37,0.21,3.4,0.0,0.78,,0
2008-09-29T15:44:00Z,18.1,2.48,2.48,2.48,0.7,0.71,0.7,0.28,2.9,0.0,0.77,,0
2008-10-06T15:15:00Z,19.2,1.34,1.29,1.31,0.55,0.56,0.55,0.23,2.7,0.0,1.48,,0
2008-10-13T16:09:00Z,18.1,2.37,2.37,2.37,0.52,0.53,0.52,0.41,6.0,0.06,1.4,,0
2008-10-20T15:09:00Z,16.6,1.73,1.75,1.74,0.65,0.69,0.67,0.29,1.8,0.0,0.81,,0
2008-10-27T15:19:00Z,17.6,0.91,0.91,0.91,0.8,0.82,0.81,0.3,1.9,0.0,1.16,,0
2008-11-03T16:50:00Z,16.2,0.86,0.83,0.84,0.9,1.04,0.97,0.43,3.3,0.0,1.4,,0
2008-11-10T17:09:00Z,16.9,1.18,1.18,1.18,0.8,0.77,0.79,0.36,2.8,0.0,0.8,,0
2008-11-17T16:55:00Z,16.9,1.28,1.24,1.26,0.42,0.43,0.42,0.3,3.0,0.0,0.6,,0
2008-11-24T17:15:00Z,17.0,0.76,0.76,0.76,0.3,0.3,0.3,0.31,2.4,0.0,0.31,,0
2008-12-01T17:00:00Z,16.4,1.45,1.47,1.46,1.12,1.16,1.14,0.38,3.2,0.0,0.65,,0
2008-12-08T17:05:00Z,16.6,1.67,1.59,1.63,0.98,0.92,0.95,0.36,2.6,0.0,0.91,,0
2008-12-15T16:40:00Z,15.1,1.22,1.25,1.24,0.71,0.7,0.71,0.36,3.9,0.04,0.54,,0
2008-12-22T17:09:00Z,14.5,1.6,1.62,1.61,0.77,0.88,0.83,0.44,4.3,0.0,0.41,,0
2008-12-29T17:15:00Z,13.7,1.4,1.39,1.39,0.74,0.75,0.75,0.53,5.5,0.0,0.76,,0
2009-01-05T17:56:00Z,13.4,2.69,2.58,2.63,0.88,1.11,1.0,0.44,5.1,0.0,0.68,,0
2009-01-12T17:55:00Z,14.0,2.6,2.5,2.55,0.43,0.44,0.43,0.36,4.2,0.0,0.45,,0
2009-01-20T17:25:00Z,14.5,1.71,1.67,1.69,0.56,0.58,0.57,0.33,3.1,0.0,0.37,,0
2009-01-26T17:00:00Z,14.3,1.4,1.38,1.39,1.31,1.31,1.31,0.38,3.5,0.0,0.36,,0
2009-02-02T18:09:00Z,14.4,1.69,1.66,1.67,0.77,0.79,0.78,0.36,4.0,0.0,0.47,,0
2009-02-09T17:15:00Z,14.5,1.23,1.21,1.22,0.62,0.59,0.6,0.3,3.6,0.0,0.69,,0
2009-02-16T17:09:00Z,13.8,2.28,2.32,2.3,0.98,1.05,1.02,0.42,4.6,0.0,1.24,,0
2009-02-23T17:09:00Z,14.3,1.86,1.96,1.91,0.75,0.69,0.72,0.29,4.5,0.0,0.48,,0
2009-03-02T17:09:00Z,14.9,2.34,2.52,2.43,0.6,0.54,0.57,0.22,3.9,0.0,0.0,,0
2009-03-09T15:15:00Z,14.5,4.91,5.06,4.98,0.98,0.86,0.92,0.21,3.8,0.0,0.24,,0
2009-03-16T15:15:00Z,14.7,5.15,5.32,5.23,0.8,0.49,0.64,0.2,4.3,0.0,0.25,,0
2009-03-23T15:09:00Z,14.3,6.23,6.3,6.26,1.35,1.62,1.49,0.4,5.9,0.0,0.64,,0
2009-03-30T15:50:00Z,14.4,3.26,3.21,3.24,1.38,1.53,1.45,0.32,6.3,0.0,0.78,,0
2009-04-06T15:05:00Z,15.9,1.74,1.79,1.77,0.48,0.47,0.47,0.26,6.0,0.0,0.69,,0
2009-04-13T15:09:00Z,15.3,2.03,1.95,1.99,0.55,0.56,0.56,0.4,7.6,0.0,0.4,,0
2009-04-20T15:15:00Z,16.7,1.82,1.82,1.82,0.36,0.38,0.37,0.11,0.0,0.0,0.5,,0
2009-04-27T15:09:00Z,15.8,1.67,1.65,1.66,1.15,1.27,1.21,0.49,6.2,0.0,1.42,,0
2009-05-04T15:09:00Z,17.7,3.78,3.85,3.81,0.68,0.66,0.67,0.17,1.1,0.0,0.35,,0
2009-05-11T15:15:00Z,18.9,4.5,4.39,4.45,0.84,0.96,0.9,0.13,0.0,0.0,0.22,,0
2009-05-18T15:09:00Z,19.3,2.94,2.81,2.87,0.88,1.04,0.96,0.12,0.0,0.0,0.29,,0
2009-05-25T16:10:00Z,20.2,1.07,1.05,1.06,0.41,0.37,0.39,0.15,1.5,0.0,1.14,,0
2009-06-01T15:15:00Z,19.0,1.84,1.88,1.86,0.88,0.88,0.88,0.17,2.4,0.0,1.0,,0
2009-06-08T15:09:00Z,19.5,1.79,1.81,1.8,0.65,0.7,0.67,0.28,6.2,0.0,1.77,,0
2009-06-15T15:09:00Z,19.9,0.91,0.9,0.9,0.17,0.22,0.19,0.28,6.3,0.0,0.31,,0
2009-06-22T15:14:00Z,20.6,1.27,1.24,1.25,0.58,0.57,0.57,0.24,5.4,0.0,0.59,,0
2009-06-29T15:09:00Z,20.3,1.84,1.92,1.88,0.59,0.67,0.63,0.28,4.2,0.0,0.81,,0
2009-07-06T15:15:00Z,18.0,3.21,3.26,3.24,0.84,0.79,0.82,0.32,4.7,0.0,0.82,,0
2009-07-13T15:15:00Z,20.9,2.45,2.37,2.41,0.4,0.47,0.43,0.26,0.0,0.0,0.57,,0
2009-07-20T15:09:00Z,20.9,2.42,2.4,2.41,0.28,0.31,0.3,0.21,0.0,0.0,0.44,,0
2009-07-27T15:15:00Z,24.5,1.06,1.01,1.03,0.25,0.26,0.26,0.17,0.0,0.0,0.74,,0
2009-08-03T15:09:00Z,23.5,0.92,0.93,0.92,0.47,0.48,0.47,0.24,0.0,0.0,0.47,,0
2009-08-10T15:19:00Z,23.0,0.68,0.7,0.69,0.23,0.23,0.23,0.24,1.2,0.0,1.38,,0
2009-08-17T15:05:00Z,22.1,0.92,0.93,0.93,0.44,0.45,0.45,0.28,1.2,0.0,0.57,,0
2009-08-24T15:09:00Z,22.8,1.09,1.06,1.07,0.49,0.52,0.51,0.22,1.4,0.0,0.98,,0
2009-08-31T15:15:00Z,23.8,0.91,0.91,0.91,0.33,0.32,0.33,0.21,1.2,0.0,0.85,,0
2009-09-07T15:15:00Z,24.7,0.99,1.02,1.01,0.4,0.42,0.41,0.23,0.0,0.0,0.5,,0
2009-09-14T15:15:00Z,22.3,0.56,0.57,0.57,0.29,0.29,0.29,0.23,0.0,0.0,0.57,,0
2009-09-21T15:15:00Z,22.8,1.02,0.99,1.0,0.37,0.38,0.38,0.23,1.2,0.0,0.75,,0
2009-09-28T15:09:00Z,21.4,0.74,0.77,0.75,0.32,0.34,0.33,0.27,2.0,0.0,0.52,,0
2009-10-05T15:09:00Z,20.1,0.78,0.79,0.78,0.36,0.37,0.37,0.34,1.6,0.0,0.47,,0
2009-10-12T15:09:00Z,18.3,0.93,0.96,0.95,0.31,0.33,0.32,0.37,2.7,0.0,1.19,,0
2009-10-19T15:09:00Z,19.1,1.17,1.14,1.15,0.5,0.53,0.51,0.33,2.3,0.0,0.28,,0
2009-10-26T15:15:00Z,19.5,1.07,1.07,1.07,0.6,0.6,0.6,0.35,2.1,0.0,0.65,,0
2009-11-02T17:09:00Z,16.7,1.23,1.24,1.23,0.44,0.43,0.44,0.39,2.9,0.0,0.49,,0
2009-11-09T17:08:00Z,17.1,0.79,0.76,0.78,0.34,0.34,0.34,0.36,2.3,0.0,0.5,,0
2009-11-16T17:09:00Z,17.2,1.09,1.09,1.09,0.29,0.3,0.29,0.37,2.3,0.0,0.76,,0
2009-11-23T17:15:00Z,16.7,1.53,1.49,1.51,0.61,0.6,0.6,0.37,2.6,0.0,0.53,,0
2009-11-30T17:09:00Z,16.4,0.96,0.98,0.97,0.54,0.5,0.52,0.41,2.6,0.0,0.61,,0
2009-12-07T17:34:00Z,15.4,1.95,1.98,1.96,0.92,1.22,1.07,0.46,3.5,0.0,0.34,,0
2009-12-14T17:15:00Z,15.4,0.81,0.84,0.83,0.67,0.65,0.66,0.47,3.2,0.0,0.87,,0
2009-12-21T17:15:00Z,15.2,1.19,1.12,1.16,0.73,0.69,0.71,0.42,3.5,0.0,1.05,,0
2009-12-28T17:09:00Z,14.8,1.77,1.69,1.73,0.67,0.7,0.69,0.44,3.3,0.0,0.66,,0
2010-01-04T16:09:00Z,14.7,1.86,1.64,1.75,0.67,0.86,0.77,0.46,3.9,0.0,0.49,,0
2010-01-11T16:09:00Z,15.1,0.82,0.79,0.8,0.47,0.46,0.47,0.41,3.3,0.0,0.91,,0
2010-01-19T16:11:00Z,15.2,0.91,0.86,0.88,0.54,0.65,0.59,0.31,3.2,0.0,1.01,,0
2010-01-25T16:09:00Z,15.0,0.82,0.85,0.84,0.49,0.51,0.5,0.37,3.7,0.0,1.56,,0
2010-02-01T16:09:00Z,15.1,2.17,2.26,2.21,0.68,0.8,0.74,0.29,3.5,0.0,0.21,,0
2010-02-08T16:15:00Z,14.9,1.26,1.15,1.2,0.72,0.7,0.71,0.33,3.4,0.0,0.71,,0
2010-02-16T16:09:00Z,15.2,1.58,1.5,1.54,0.72,0.6,0.66,0.25,3.3,0.0,0.0,,0
2010-02-22T16:09:00Z,15.6,0.91,0.98,0.95,0.46,0.44,0.45,0.27,2.9,0.0,0.87,,0
2010-03-01T16:09:00Z,15.4,2.96,2.88,2.92,0.56,0.55,0.56,0.27,3.3,0.0,0.41,,0
2010-03-08T16:15:00Z,15.4,1.25,1.23,1.24,0.59,0.6,0.6,0.24,2.8,0.0,0.62,,0
2010-03-15T15:15:00Z,14.3,8.43,8.29,8.36,1.36,1.46,1.41,0.37,6.2,0.0,0.47,,1
2010-03-22T15:09:00Z,15.7,2.08,2.16,2.12,0.72,0.66,0.69,0.16,0.0,0.0,1.19,,0
2010-03-29T15:44:00Z,16.6,2.05,2.1,2.08,0.13,0.11,0.12,0.16,0.0,0.0,0.21,,0
2010-04-05T16:05:00Z,16.1,3.23,3.12,3.17,0.76,0.76,0.76,0.24,3.1,0.0,0.49,,0
2010-04-12T15:30:00Z,15.8,2.24,2.28,2.26,0.45,0.54,0.49,0.24,2.9,0.0,1.08,,0
2010-04-19T15:05:00Z,16.7,2.39,2.4,2.39,0.37,0.41,0.39,0.31,3.1,0.0,1.89,,0
2010-04-26T16:15:00Z,14.8,20.5,20.41,20.46,0.0,0.0,0.0,0.37,8.1,0.0,0.81,,1
2010-05-03T16:15:00Z,15.7,20.29,20.63,20.46,0.83,0.0,0.14,0.18,1.4,0.0,1.01,,1
2010-05-10T16:19:00Z,16.7,10.06,8.99,9.53,0.0,0.87,0.12,0.2,1.9,0.0,0.61,,1
2010-05-17T17:15:00Z,16.8,18.6,17.92,18.26,0.45,0.78,0.61,0.18,2.0,0.0,0.55,,1
2010-05-24T16:15:00Z,16.9,10.79,11.37,11.08,0.54,0.32,0.43,0.29,4.9,0.0,0.44,,1
2010-05-31T16:16:00Z,17.1,4.12,4.1,4.11,0.39,0.49,0.44,0.21,4.4,0.0,0.41,,0
2010-06-08T15:09:00Z,18.9,19.21,18.6,18.91,0.06,0.29,0.17,0.15,4.0,0.0,0.5,,1
2010-06-14T16:05:00Z,19.6,5.44,5.3,5.37,0.22,0.36,0.29,0.18,3.6,0.0,0.55,,0
2010-06-21T15:55:00Z,20.1,1.56,1.57,1.56,0.35,0.38,0.36,0.15,3.2,0.0,0.46,,0
2010-06-28T16:05:00Z,20.3,4.41,4.35,4.38,0.41,0.43,0.42,0.0,1.4,0.0,0.54,,0
2010-07-05T16:30:00Z,18.9,3.42,3.32,3.37,0.28,0.3,0.29,0.11,0.0,0.0,0.2,,0
2010-07-13T17:19:00Z,17.2,2.03,1.98,2.01,0.67,0.72,0.69,0.38,5.5,0.0,0.51,,0
2010-07-19T17:09:00Z,17.5,2.97,2.84,2.9,0.73,0.77,0.75,0.31,6.1,0.0,0.72,,0
2010-07-26T16:00:00Z,19.4,1.63,1.65,1.64,0.64,0.63,0.64,0.19,1.5,0.0,0.56,,0
2010-08-02T16:19:00Z,19.3,1.68,1.83,1.75,0.85,0.73,0.79,0.21,3.5,0.0,0.58,,0
2010-08-09T16:19:00Z,20.2,2.24,2.2,2.22,0.61,0.66,0.63,0.16,2.6,0.0,0.51,,0
2010-08-16T15:55:00Z,15.4,4.19,4.1,4.14,1.78,1.93,1.86,0.35,6.0,0.0,1.91,,0
2010-08-23T16:55:00Z,19.1,1.77,1.77,1.77,0.62,0.6,0.61,0.27,4.4,0.02,0.63,,0
2010-08-30T16:25:00Z,19.4,0.92,0.92,0.92,0.17,0.2,0.19,0.24,2.2,0.0,1.87,,0
2010-09-06T15:44:00Z,17.5,3.03,3.04,3.03,0.41,0.42,0.42,0.22,2.1,0.0,0.32,,0
2010-09-13T16:05:00Z,17.5,1.63,1.59,1.61,0.48,0.51,0.49,0.38,4.9,0.0,2.46,,0
2010-09-20T16:55:00Z,16.6,4.69,4.64,4.67,1.41,1.51,1.46,0.38,5.9,0.0,0.75,,0
2010-09-27T16:05:00Z,17.4,2.38,2.35,2.37,0.71,0.71,0.71,0.28,5.2,0.0,1.65,,0
2010-10-04T16:25:00Z,20.0,15.93,17.6,16.77,0.47,0.29,0.38,0.16,2.8,0.0,0.79,,1
2010-10-11T15:30:00Z,19.2,7.52,7.48,7.5,0.42,0.52,0.47,0.22,3.0,0.0,0.26,,1
2010-10-18T15:44:00Z,18.9,4.85,4.66,4.75,0.52,0.6,0.56,0.15,2.5,0.0,0.0,,0
2010-10-25T16:00:00Z,18.9,3.03,2.98,3.01,1.03,1.08,1.06,0.18,3.7,0.0,0.87,,0
2010-11-01T16:00:00Z,18.3,2.78,2.78,2.78,0.54,0.59,0.56,0.15,1.9,0.0,0.0,,0
2010-11-08T17:00:00Z,18.3,1.75,1.66,1.7,0.38,0.52,0.45,0.15,1.7,0.0,0.0,,0
2010-11-15T16:50:00Z,16.3,1.54,1.62,1.58,0.81,0.75,0.78,0.42,3.5,0.0,1.64,,0
2010-11-22T17:30:00Z,16.0,1.28,1.34,1.31,1.13,1.07,1.1,0.43,5.2,0.0,2.01,,0
2010-11-29T17:25:00Z,13.8,10.1,10.15,10.13,0.87,0.99,0.93,0.49,6.4,0.0,0.87,,1
2010-12-06T16:19:00Z,14.0,5.63,5.54,5.59,0.62,0.83,0.72,0.32,2.9,0.0,1.2,,0
2010-12-13T17:55:00Z,13.7,10.62,10.9,10.76,0.0,0.0,0.0,0.28,2.8,0.0,1.2,,1
2010-12-20T18:44:00Z,15.1,3.09,3.11,3.1,0.16,0.22,0.19,0.27,1.9,0.0,0.64,,0
2010-12-27T20:50:00Z,15.3,7.45,6.8,7.12,0.0,0.0,0.0,0.37,2.5,0.0,0.79,,1
2011-01-03T16:55:00Z,14.7,1.43,1.43,1.43,0.32,0.37,0.34,0.49,4.1,0.0,2.95,,0
2011-01-10T18:19:00Z,14.2,3.51,3.58,3.54,0.69,0.59,0.64,0.37,3.6,0.0,1.74,,0
2011-01-18T17:55:00Z,14.3,4.98,4.98,4.98,0.42,0.65,0.53,0.29,4.3,0.0,0.77,,0
2011-01-24T17:50:00Z,14.2,2.99,3.02,3.01,0.36,0.42,0.39,0.3,2.6,0.0,0.52,,0
2011-01-31T17:05:00Z,14.3,5.03,5.08,5.05,1.13,1.29,1.21,0.21,1.1,0.0,0.59,,0
2011-02-07T17:25:00Z,14.3,3.98,4.1,4.04,1.17,1.34,1.25,0.19,0.0,0.0,0.72,,0
2011-02-14T17:55:00Z,14.4,2.8,2.82,2.81,0.9,1.02,0.96,0.22,1.1,0.0,0.79,,0
2011-02-22T17:36:00Z,14.2,2.27,2.28,2.28,0.45,0.52,0.49,0.19,0.0,0.0,0.82,,0
2011-02-28T17:40:00Z,14.3,1.37,1.41,1.39,0.3,0.34,0.32,0.25,2.1,0.0,0.82,,0
2011-03-07T18:05:00Z,14.2,4.08,4.05,4.06,2.22,2.25,2.23,0.43,4.5,0.0,2.04,,0
2011-03-14T15:44:00Z,14.8,4.02,3.95,3.98,1.68,1.94,1.81,0.21,1.9,0.0,2.03,,0
2011-03-21T16:09:00Z,13.3,2.79,2.79,2.79,1.0,1.15,1.07,0.45,3.1,0.0,1.94,,0
2011-03-28T16:00:00Z,14.9,4.48,4.55,4.51,1.07,1.11,1.09,0.31,4.0,0.0,1.79,,0
2011-04-04T16:05:00Z,16.4,1.35,1.34,1.35,0.38,0.39,0.38,0.28,3.4,0.0,2.29,,0
2011-04-11T15:50:00Z,15.9,2.13,2.25,2.19,0.9,0.89,0.9,0.35,6.1,0.0,1.93,,0
2011-04-18T16:00:00Z,16.7,1.38,1.41,1.39,0.63,0.69,0.66,0.24,3.5,0.0,1.12,,0
2011-04-25T16:25:00Z,17.3,1.32,1.36,1.34,0.68,0.74,0.71,0.31,5.9,0.0,1.11,,0
2011-05-02T16:09:00Z,16.3,2.24,2.25,2.25,0.83,0.78,0.81,0.31,3.0,0.0,2.63,,0
2011-05-09T16:09:00Z,15.4,3.68,3.63,3.66,1.15,1.21,1.18,0.21,2.0,0.0,0.74,,0
2011-05-16T16:00:00Z,17.1,1.43,1.48,1.45,0.63,0.72,0.67,0.24,3.8,0.0,1.16,,0
2011-05-22T15:50:00Z,17.4,1.88,1.77,1.82,0.58,0.63,0.61,0.29,5.3,0.0,0.59,,0
2011-05-30T16:05:00Z,17.5,2.63,2.95,2.79,0.66,0.7,0.68,0.14,3.8,0.0,0.42,,0
2011-06-06T16:00:00Z,17.7,2.63,2.54,2.58,0.43,0.5,0.46,0.33,0.0,0.0,1.46,,0
2011-06-12T16:09:00Z,16.9,2.11,2.18,2.15,0.37,0.32,0.34,0.19,3.3,0.0,0.65,,0
2011-06-21T16:00:00Z,19.1,1.86,1.66,1.76,0.41,0.34,0.37,0.15,3.7,0.0,0.66,,0
2011-06-27T17:19:00Z,19.6,2.97,3.0,2.98,1.26,1.15,1.21,0.21,0.0,0.0,0.29,,0
2011-07-04T17:32:00Z,20.7,2.34,2.25,2.29,0.83,0.85,0.84,0.19,3.7,0.0,1.42,,0
2011-07-12T17:00:00Z,20.2,1.72,1.72,1.72,0.51,0.57,0.54,0.22,3.5,0.0,1.85,,0
2011-07-18T16:32:00Z,21.0,2.03,1.88,1.95,0.87,0.8,0.83,0.19,2.5,0.0,0.0,,0
2011-07-25T16:17:00Z,21.3,2.35,2.32,2.34,0.67,0.6,0.63,0.14,2.6,0.0,0.7,,0
2011-08-01T16:25:00Z,17.8,1.45,1.54,1.49,0.59,0.75,0.67,0.28,3.1,0.0,0.45,,0
2011-08-08T18:08:00Z,18.6,1.06,1.08,1.07,0.3,0.33,0.32,0.24,2.7,0.0,0.89,,0
2011-08-15T15:55:00Z,20.2,2.34,2.48,2.41,0.64,0.68,0.66,0.15,1.3,0.0,0.0,,0
2011-08-22T16:05:00Z,20.0,1.02,0.98,1.0,0.3,0.31,0.3,0.19,1.8,0.0,0.28,,0
2011-08-29T16:00:00Z,20.8,1.39,1.34,1.36,0.36,0.4,0.38,0.2,3.3,0.0,0.25,,0
2011-09-05T17:43:00Z,17.6,6.6,6.74,6.67,0.13,0.16,0.15,0.42,5.8,0.2,0.25,,0
2011-09-12T16:09:00Z,17.9,2.15,2.22,2.18,0.26,0.28,0.27,0.22,3.6,0.0,1.15,,0
2011-09-19T17:00:00Z,18.0,5.14,5.62,5.38,0.34,0.29,0.32,0.27,2.8,0.0,0.52,,0
2011-09-26T16:00:00Z,16.6,43.99,43.84,43.91,1.18,0.96,1.07,0.2,4.8,0.0,0.4,,1
2011-10-03T16:09:00Z,17.6,51.69,44.58,48.13,0.0,2.44,1.11,0.1,6.7,0.0,0.0,,1
2011-10-10T17:00:00Z,17.8,34.36,33.17,33.77,0.0,0.0,0.0,0.68,4.1,0.0,0.0,,1
2011-10-17T16:15:00Z,17.6,4.89,4.56,4.72,0.07,0.21,0.14,0.0,4.5,0.0,0.0,,0
2011-10-24T16:19:00Z,17.2,2.07,2.09,2.08,0.24,0.24,0.24,0.19,4.4,0.0,2.36,,0
2011-10-31T16:15:00Z,16.3,3.2,3.01,3.1,0.37,0.7,0.54,0.31,4.4,0.0,0.82,,0
2011-11-07T17:34:00Z,16.4,1.64,1.67,1.66,0.52,0.55,0.54,0.22,2.3,0.0,0.61,,0
2011-11-14T17:30:00Z,16.0,0.79,0.8,0.8,0.28,0.25,0.26,0.29,2.1,0.0,1.01,,0
2011-11-21T17:55:00Z,15.8,0.62,0.62,0.62,0.23,0.25,0.24,0.27,1.5,0.0,0.68,,0
2011-11-28T17:05:00Z,15.5,1.38,1.37,1.38,0.43,0.41,0.42,0.28,2.4,0.0,0.7,,0
2011-12-05T18:00:00Z,14.4,7.31,7.65,7.48,0.1,0.05,0.08,0.32,3.5,0.0,0.87,,1
2011-12-12T17:50:00Z,15.1,1.58,1.66,1.62,0.2,0.19,0.2,0.3,2.0,0.0,1.2,,0
2011-12-19T18:15:00Z,14.3,14.58,14.96,14.77,0.19,0.27,0.23,0.29,3.7,0.0,0.0,,1
2011-12-26T17:55:00Z,14.0,12.2,11.63,11.92,0.0,0.0,0.0,0.25,3.9,0.0,0.38,,1
2012-01-03T19:00:00Z,14.6,1.71,1.83,1.77,0.18,0.26,0.22,0.23,3.3,0.0,0.34,,0
2012-01-09T18:15:00Z,14.6,1.01,1.01,1.01,0.09,0.13,0.11,0.24,3.1,0.0,0.35,,0
2012-01-17T18:19:00Z,14.2,1.29,1.23,1.26,0.37,0.4,0.38,0.3,3.3,0.0,0.64,,0
2012-01-23T18:15:00Z,13.9,6.32,6.22,6.27,0.64,0.79,0.71,0.23,1.3,0.0,0.0,,0
2012-01-30T18:15:00Z,14.3,0.99,1.02,1.0,0.17,0.16,0.16,0.2,0.0,0.0,0.75,,0
2012-02-06T18:34:00Z,14.5,1.7,1.53,1.61,0.67,0.32,0.49,0.22,1.1,0.0,0.6,,0
2012-02-13T18:15:00Z,14.9,0.75,0.75,0.75,0.27,0.28,0.28,0.28,2.7,0.0,0.63,,0
2012-02-21T18:15:00Z,14.7,1.67,1.67,1.67,0.4,0.51,0.46,0.3,4.6,0.0,0.58,,0
2012-02-27T18:09:00Z,14.6,1.76,1.82,1.79,0.49,0.48,0.48,0.28,4.9,0.0,0.67,,0
2012-03-05T18:15:00Z,14.7,2.0,1.99,1.99,0.58,0.61,0.6,0.45,7.7,0.0,0.4,,0
2012-03-12T16:09:00Z,13.3,8.07,8.35,8.21,1.03,0.98,1.0,0.31,4.7,0.0,0.27,,1
2012-03-19T16:30:00Z,13.0,2.64,2.91,2.78,2.28,2.33,2.3,0.6,6.3,0.0,3.26,,0
2012-03-26T16:19:00Z,13.1,2.36,2.46,2.41,0.46,0.51,0.49,1.02,11.6,0.0,0.9,,0
2012-04-02T16:44:00Z,13.4,2.64,2.55,2.6,1.63,1.83,1.73,0.91,13.2,0.0,1.7,,0
2012-04-08T16:50:00Z,14.9,5.66,5.57,5.62,1.91,2.0,1.96,0.32,7.8,0.0,0.22,,0
2012-04-16T16:40:00Z,14.3,2.71,2.47,2.59,1.18,1.19,1.19,0.44,6.0,0.0,1.07,,0
2012-04-23T17:34:00Z,15.6,1.56,1.66,1.61,0.72,0.83,0.77,0.38,7.5,0.0,0.96,,0
2012-04-30T17:05:00Z,16.5,1.38,1.41,1.39,0.42,0.45,0.44,0.17,0.0,0.0,0.73,,0
2012-05-07T16:00:00Z,17.9,0.7,0.69,0.7,0.48,0.52,0.5,0.24,2.2,0.0,0.57,,0
2012-05-14T16:15:00Z,18.9,1.63,1.68,1.66,0.58,0.66,0.62,0.26,3.2,0.0,0.0,,0
2012-05-21T16:19:00Z,18.7,1.43,1.47,1.45,0.64,0.69,0.66,0.26,5.1,0.0,0.63,,0
2012-05-28T16:19:00Z,18.7,1.14,1.13,1.14,0.57,0.53,0.55,0.27,4.1,0.0,0.25,,0
2012-06-05T18:30:00Z,19.3,0.55,0.59,0.57,0.26,0.23,0.25,0.25,3.6,0.0,0.25,,0
2012-06-11T18:05:00Z,19.0,0.96,0.94,0.95,0.38,0.37,0.38,0.26,2.8,0.0,0.0,,0
2012-06-18T16:44:00Z,18.5,1.04,1.04,1.04,0.32,0.34,0.33,0.27,1.1,0.0,0.45,,0
2012-06-26T16:44:00Z,20.1,0.89,0.88,0.89,0.22,0.22,0.22,0.27,1.8,0.04,0.32,,0
2012-07-02T16:15:00Z,20.5,0.88,0.89,0.88,0.12,0.11,0.12,0.21,0.0,0.0,0.33,,0
2012-07-09T16:34:00Z,14.3,1.63,1.6,1.61,0.4,0.44,0.42,0.45,3.1,0.0,0.68,,0
2012-07-16T16:40:00Z,19.9,0.7,0.7,0.7,0.29,0.27,0.28,0.22,1.5,0.0,1.0,,0
2012-07-23T16:44:00Z,21.0,1.05,1.1,1.08,0.9,0.83,0.87,0.21,0.0,0.0,0.59,,0
2012-07-30T16:40:00Z,19.8,1.21,1.24,1.22,0.67,0.64,0.65,0.22,1.6,0.0,0.0,,0
2012-08-06T17:19:00Z,20.2,1.65,1.68,1.66,0.82,0.81,0.82,0.2,1.4,0.0,0.39,,0
2012-08-13T17:21:00Z,21.2,1.42,1.42,1.42,0.52,0.6,0.56,0.22,1.3,0.0,0.49,,0
2012-08-20T18:15:00Z,23.1,1.04,1.07,1.05,0.21,0.23,0.22,0.2,1.8,0.0,0.0,,0
2012-08-27T17:30:00Z,21.8,2.42,2.28,2.35,0.73,0.73,0.73,0.31,2.3,0.0,0.33,,0
2012-09-04T17:55:00Z,19.7,2.05,2.06,2.05,0.52,0.55,0.53,0.33,3.1,0.0,0.4,,0
2012-09-10T16:30:00Z,22.2,1.0,1.0,1.0,0.32,0.33,0.32,0.25,2.9,0.0,0.63,,0
2012-09-17T16:40:00Z,20.1,0.56,0.57,0.56,0.2,0.19,0.2,0.3,2.5,0.0,0.54,,0
2012-09-24T16:19:00Z,20.6,1.16,1.2,1.18,0.42,0.43,0.43,0.32,3.0,0.0,1.12,,0
2012-10-01T17:30:00Z,20.4,2.14,2.25,2.2,0.43,0.43,0.43,0.29,3.2,0.0,1.2,,0
2012-10-08T17:09:00Z,19.5,0.97,0.95,0.96,0.43,0.42,0.42,0.31,3.3,0.0,1.89,,0
2012-10-15T16:30:00Z,18.9,1.53,1.56,1.54,0.59,0.62,0.61,0.29,3.2,0.0,0.73,,0
2012-10-22T16:34:00Z,19.5,1.05,1.08,1.06,0.58,0.61,0.6,0.3,3.0,0.0,1.34,,0
2012-10-29T16:44:00Z,18.7,1.29,1.34,1.31,0.59,0.6,0.59,0.28,3.6,0.0,0.28,,0
2012-11-05T18:19:00Z,17.8,1.09,1.11,1.1,0.58,0.61,0.6,0.31,3.5,0.0,0.65,,0
2012-11-13T20:55:00Z,16.6,1.91,1.9,1.91,1.04,1.02,1.03,0.34,4.1,0.0,0.64,,0
2012-11-19T19:30:00Z,17.0,0.92,0.89,0.91,0.33,0.35,0.34,0.37,3.8,0.0,1.34,,0
2012-11-26T18:44:00Z,16.5,0.98,1.06,1.02,0.35,0.36,0.36,0.31,3.0,0.0,0.64,,0
2012-12-03T18:15:00Z,16.6,1.39,1.43,1.41,0.93,0.91,0.92,0.37,2.9,0.0,1.42,,0
2012-12-10T19:00:00Z,16.0,1.43,1.48,1.46,0.8,0.83,0.82,0.46,4.9,0.0,1.21,,0
2012-12-17T18:44:00Z,15.8,1.36,1.39,1.38,0.57,0.59,0.58,0.37,4.4,0.0,0.61,,0
2012-12-23T18:09:00Z,15.1,1.32,1.44,1.38,0.64,0.65,0.65,0.39,4.1,0.0,0.62,,0
2012-12-31T19:44:00Z,14.3,2.67,2.81,2.74,0.81,0.73,0.77,0.26,1.8,0.0,0.37,,0
2013-01-07T19:30:00Z,13.6,2.27,2.53,2.4,1.1,1.11,1.1,0.39,3.0,0.0,0.75,,0
2013-01-14T19:30:00Z,12.9,2.27,2.26,2.27,0.55,0.53,0.54,0.5,5.3,0.0,0.0,,0
2013-01-22T18:00:00Z,13.2,1.5,1.55,1.52,0.74,0.77,0.75,0.4,5.0,0.0,0.69,,0
2013-01-28T20:30:00Z,14.0,2.13,2.22,2.17,1.24,1.42,1.33,0.36,4.2,0.0,0.99,,0
2013-02-04T19:30:00Z,13.9,2.18,2.26,2.22,1.0,1.09,1.05,0.46,6.2,0.0,0.4,,0
2013-02-11T20:15:00Z,14.0,1.7,1.64,1.67,0.89,0.84,0.87,0.32,5.3,0.0,0.73,,0
2013-02-19T18:50:00Z,14.1,1.17,1.27,1.22,0.68,0.63,0.66,0.28,3.5,0.0,0.39,,0
2013-02-25T19:30:00Z,14.1,2.27,2.39,2.33,1.02,0.99,1.0,0.27,5.9,0.0,0.49,,0
2013-03-04T19:19:00Z,14.4,3.22,3.26,3.24,1.18,1.19,1.18,0.27,5.8,0.0,0.49,,0
2013-03-11T18:05:00Z,14.8,1.28,1.28,1.28,0.61,0.65,0.63,0.3,3.3,0.0,0.66,,0
2013-03-18T16:19:00Z,14.5,1.49,1.34,1.41,0.54,0.54,0.54,0.24,1.9,0.0,0.54,,0
2013-03-25T16:50:00Z,14.4,1.06,1.07,1.06,1.05,1.07,1.06,0.4,4.8,0.0,0.56,,0
2013-04-01T16:09:00Z,16.1,1.74,1.7,1.72,0.86,0.78,0.82,0.29,4.1,0.0,0.28,,0
2013-04-09T16:50:00Z,14.6,3.16,2.99,3.07,2.21,2.74,2.48,0.59,9.6,0.0,0.54,,0
2013-04-15T18:19:00Z,15.4,2.58,2.71,2.64,0.71,0.67,0.69,0.37,0.0,0.0,0.0,,0
2013-04-22T17:50:00Z,17.7,1.07,1.09,1.08,0.48,0.52,0.5,0.13,0.0,0.0,0.53,,0
2013-04-29T17:25:00Z,17.0,1.46,1.5,1.48,0.58,0.58,0.58,0.2,2.3,0.0,0.65,,0
2013-05-06T17:19:00Z,17.3,1.54,1.5,1.52,0.3,0.45,0.38,0.23,1.7,0.0,0.0,,0
2013-05-13T17:30:00Z,19.1,1.66,1.61,1.64,0.55,0.63,0.59,0.22,2.1,0.0,0.8,,0
2013-05-20T17:25:00Z,19.6,0.57,0.63,0.6,0.31,0.31,0.31,0.21,4.3,0.0,0.97,,0
2013-05-27T15:50:00Z,19.9,0.65,0.69,0.67,0.34,0.3,0.32,0.14,1.6,0.0,0.25,,0
2013-06-03T17:40:00Z,20.3,0.64,0.68,0.66,0.34,0.35,0.34,0.21,2.3,0.0,0.82,,0
2013-06-10T16:00:00Z,19.1,0.7,0.72,0.71,0.33,0.34,0.34,0.18,3.1,0.0,0.38,,0
2013-06-17T16:00:00Z,20.6,1.14,1.12,1.13,0.39,0.42,0.41,0.13,3.3,0.0,0.34,,0
2013-06-24T17:34:00Z,19.5,0.89,0.9,0.9,0.39,0.36,0.38,0.13,1.9,0.0,0.35,,0
2013-07-01T17:15:00Z,19.5,0.77,0.78,0.77,0.45,0.46,0.45,0.16,2.9,0.0,0.46,,0
2013-07-08T17:19:00Z,21.3,1.37,1.37,1.37,0.52,0.54,0.53,0.14,2.0,0.0,0.24,,0
2013-07-15T17:19:00Z,22.1,0.93,0.94,0.93,0.25,0.25,0.25,0.13,2.6,0.0,0.38,,0
2013-07-22T17:00:00Z,20.1,1.78,1.76,1.77,0.35,0.42,0.39,0.12,3.7,0.0,0.46,,0
2013-07-29T17:22:00Z,17.1,2.86,2.83,2.85,0.84,1.03,0.93,0.26,5.0,0.0,0.87,,0
2013-08-05T17:15:00Z,20.0,1.01,1.04,1.03,0.42,0.41,0.41,0.17,2.1,0.0,0.47,,0
2013-08-12T17:08:00Z,21.2,1.51,1.53,1.52,0.58,0.57,0.57,0.13,1.8,0.0,0.46,,0
2013-08-19T17:15:00Z,19.7,1.03,1.05,1.04,0.42,0.5,0.46,0.17,2.5,0.0,0.85,,0
2013-08-26T16:55:00Z,18.6,1.11,1.09,1.1,0.5,0.51,0.51,0.24,2.1,0.0,1.34,,0
2013-09-03T17:34:00Z,20.1,3.6,3.32,3.46,0.66,0.54,0.6,0.22,0.0,0.0,0.44,,0
2013-09-09T17:19:00Z,20.1,2.46,2.32,2.39,0.5,0.48,0.49,0.2,2.2,0.0,0.0,,0
2013-09-16T17:15:00Z,20.6,1.15,1.32,1.24,0.87,0.81,0.84,0.26,1.9,0.0,1.16,,0
2013-09-23T17:22:00Z,20.0,1.26,1.21,1.23,0.37,0.47,0.42,0.28,1.7,0.0,0.92,,0
2013-09-30T16:30:00Z,19.4,1.92,1.87,1.9,0.66,0.63,0.64,0.28,2.1,0.0,0.59,,0
2013-10-07T16:32:00Z,18.8,1.22,1.22,1.22,0.63,0.64,0.63,0.27,3.1,0.0,0.54,,0
2013-10-14T16:34:00Z,19.0,1.06,1.04,1.05,0.42,0.46,0.44,0.25,1.3,0.0,0.62,,0
2013-10-21T16:30:00Z,18.6,1.43,1.55,1.49,0.83,0.79,0.81,0.29,1.7,0.0,0.87,,0
2013-10-28T16:55:00Z,16.4,2.18,2.21,2.19,1.29,1.38,1.33,0.44,3.3,0.0,0.69,,0
2013-11-04T18:40:00Z,17.2,0.86,0.87,0.86,0.32,0.38,0.35,0.33,2.2,0.0,0.53,,0
2013-11-11T18:44:00Z,16.7,1.83,1.91,1.87,0.74,0.71,0.72,0.43,3.6,0.0,0.35,,0
2013-11-18T19:00:00Z,17.4,0.96,0.93,0.94,0.39,0.42,0.4,0.31,2.1,0.0,0.55,,0
2013-11-25T18:44:00Z,16.9,1.83,1.67,1.75,0.56,0.77,0.66,0.3,2.6,0.0,0.79,,0
2013-12-02T18:44:00Z,16.5,1.39,1.33,1.36,0.64,0.67,0.66,0.34,2.3,0.0,0.67,,0
2013-12-09T19:26:00Z,15.7,1.31,1.35,1.33,0.48,0.53,0.5,0.36,2.2,0.0,0.79,,0
2013-12-16T18:44:00Z,15.6,4.58,5.25,4.91,1.4,1.56,1.48,0.32,1.1,0.0,0.4,,0
2013-12-23T19:43:00Z,15.5,1.02,1.07,1.05,0.56,0.61,0.59,0.26,1.3,0.0,1.32,,0
2013-12-30T19:34:00Z,15.3,0.81,0.89,0.85,0.6,0.57,0.58,0.3,3.7,0.0,22.1,,0
2014-01-06T19:34:00Z,15.7,0.89,0.93,0.91,0.59,0.47,0.53,0.14,2.4,0.0,0.0,,0
2014-01-13T19:19:00Z,15.4,1.25,1.2,1.22,0.83,0.83,0.83,0.3,3.3,0.0,20.47,,0
2014-01-20T20:18:00Z,15.5,0.91,0.91,0.91,0.49,0.46,0.47,0.25,4.2,0.0,1.0,,0
2014-01-27T19:55:00Z,16.4,0.91,0.93,0.92,0.54,0.57,0.55,0.23,2.9,0.0,0.74,,0
2014-02-03T19:53:00Z,15.5,1.02,0.99,1.01,0.47,0.39,0.43,0.25,3.7,0.0,0.33,,0
2014-02-10T19:55:00Z,15.5,1.61,1.33,1.47,0.73,0.68,0.7,0.36,4.0,0.0,0.9,,0
2014-02-17T18:50:00Z,15.5,1.23,1.33,1.28,0.28,0.27,0.27,0.12,0.0,0.0,0.57,,0
2014-02-24T20:05:00Z,16.6,2.35,2.32,2.34,0.49,0.48,0.48,0.12,2.4,0.0,0.76,,0
2014-03-03T19:55:00Z,16.3,0.96,0.94,0.95,0.41,0.44,0.43,0.23,2.4,0.0,0.78,,0
2014-03-10T18:16:00Z,16.8,1.33,1.32,1.32,0.67,0.81,0.74,0.19,3.4,0.0,0.74,,0
2014-03-17T17:50:00Z,17.7,1.33,1.42,1.37,0.54,0.52,0.53,0.18,3.2,0.0,0.38,,0
2014-03-24T19:50:00Z,17.9,1.62,1.55,1.59,0.77,0.82,0.79,0.19,3.7,0.0,0.64,,0
2014-04-01T17:09:00Z,16.8,2.2,2.07,2.14,0.67,0.98,0.83,0.19,4.8,0.0,0.52,,0
2014-04-07T18:55:00Z,17.8,5.0,5.38,5.19,0.91,0.57,0.74,0.18,5.6,0.0,0.37,,0
2014-04-14T19:15:00Z,15.1,3.93,4.36,4.14,0.97,0.78,0.88,0.15,2.1,0.0,0.58,,0
2014-04-21T19:05:00Z,16.8,,,,,,,0.24,2.1,0.0,1.0,,0
2014-04-28T19:09:00Z,17.9,1.8,1.65,1.73,0.58,0.47,0.53,0.17,2.6,0.0,2.31,,0
2014-05-05T17:25:00Z,16.7,2.15,2.25,2.2,0.77,0.85,0.81,0.29,5.5,0.0,0.45,,0
2014-05-12T17:22:00Z,18.8,0.49,0.64,0.57,0.13,0.12,0.12,0.16,3.0,0.0,1.19,,0
2014-05-19T17:30:00Z,19.2,0.71,0.69,0.7,0.11,0.12,0.11,0.17,5.1,0.0,0.81,,0
2014-05-27T17:40:00Z,20.7,0.74,0.73,0.74,0.15,0.15,0.15,0.16,5.4,0.0,1.72,,0
2014-06-02T17:42:00Z,21.3,0.94,0.91,0.92,0.26,0.26,0.26,0.2,4.7,0.0,0.92,,0
2014-06-09T17:58:00Z,20.5,1.36,1.24,1.3,0.27,0.27,0.27,0.18,6.6,0.0,0.81,,0
2014-06-16T16:34:00Z,20.1,1.03,1.19,1.11,0.19,0.12,0.15,0.11,3.2,0.0,0.98,,0
2014-06-23T17:48:00Z,21.4,0.82,0.92,0.87,0.27,0.28,0.27,0.16,1.9,0.0,0.56,,0
2014-06-30T17:53:00Z,20.7,2.51,2.51,2.51,0.2,0.34,0.27,0.0,3.2,0.0,1.13,,0
2014-07-07T17:03:00Z,23.4,0.75,0.79,0.77,0.2,0.16,0.18,0.12,2.3,0.0,0.99,,0
2014-07-14T18:03:00Z,22.4,1.98,1.85,1.92,0.51,0.47,0.49,0.13,2.0,0.0,1.02,,0
2014-07-21T16:52:00Z,21.4,1.83,1.77,1.8,0.52,0.41,0.47,0.16,6.0,0.0,1.15,,0
2014-07-28T18:38:00Z,22.5,1.9,2.0,1.95,0.41,0.44,0.43,0.19,3.8,0.0,1.11,,0
2014-08-04T18:15:00Z,23.2,1.3,1.31,1.31,0.32,0.35,0.34,0.12,3.2,0.0,1.12,,0
2014-08-11T17:42:00Z,23.1,1.1,1.15,1.13,0.23,0.2,0.22,0.16,2.2,0.0,0.99,,0
2014-08-18T19:00:00Z,22.8,1.24,1.24,1.24,0.27,0.25,0.26,0.16,2.8,0.0,1.12,,0
2014-08-25T17:25:00Z,22.8,0.92,0.92,0.92,0.26,0.29,0.28,0.13,1.7,0.0,1.26,,0
2014-09-02T17:38:00Z,22.3,1.09,1.1,1.09,0.56,0.51,0.53,0.16,2.1,0.0,0.58,,0
2014-09-08T17:14:00Z,23.1,0.97,0.97,0.97,0.24,0.28,0.26,0.17,1.6,0.0,1.25,,0
2014-09-15T17:19:00Z,24.1,2.08,1.98,2.03,0.41,0.44,0.42,0.19,2.1,0.0,1.13,,0
2014-09-22T17:09:00Z,21.9,0.97,0.95,0.96,0.26,0.27,0.27,0.21,2.1,0.0,1.51,,0
2014-09-29T17:02:00Z,20.0,0.58,0.57,0.57,0.19,0.17,0.18,0.19,2.6,0.0,0.62,,0
2014-10-06T17:31:00Z,23.0,0.83,0.95,0.89,0.33,0.05,0.19,0.16,1.7,0.0,0.86,,0
2014-10-13T17:14:00Z,21.3,0.55,0.54,0.54,0.11,0.17,0.14,0.23,2.4,0.0,1.41,,0
2014-10-20T16:44:00Z,21.4,0.64,0.66,0.65,0.27,0.31,0.29,0.19,1.9,0.0,0.89,,0
2014-10-27T17:05:00Z,20.7,0.53,0.53,0.53,0.29,0.35,0.32,0.22,2.6,0.0,0.83,,0
2014-11-03T18:30:00Z,20.2,0.53,0.73,0.63,0.45,0.35,0.4,0.22,2.3,0.0,0.3,,0
2014-11-10T18:41:00Z,19.0,0.73,0.77,0.75,0.31,0.44,0.37,0.2,2.5,0.0,1.12,,0
2014-11-17T18:43:00Z,19.3,0.95,0.92,0.93,0.38,0.39,0.39,0.21,2.2,0.0,1.07,,0
2014-11-24T18:53:00Z,18.5,0.56,0.59,0.58,0.35,0.4,0.37,0.22,2.5,0.0,0.87,,0
2014-12-01T18:50:00Z,18.6,0.43,0.42,0.42,0.18,0.19,0.18,0.2,1.5,0.0,0.6,,0
2014-12-08T18:47:00Z,18.3,1.62,1.75,1.68,0.8,0.82,0.81,0.23,2.5,0.0,0.47,,0
2014-12-15T18:15:00Z,17.8,0.87,0.84,0.85,0.38,0.44,0.41,0.24,2.2,0.0,0.87,,0
2014-12-22T18:50:00Z,17.5,1.25,1.19,1.22,0.85,0.76,0.81,0.23,2.5,0.0,0.81,,0
2014-12-29T18:40:00Z,16.7,1.25,1.09,1.17,0.43,0.53,0.48,0.21,2.6,0.0,0.56,,0
2015-01-05T19:17:00Z,16.0,0.89,0.93,0.91,0.41,0.39,0.4,0.22,2.4,0.0,0.54,,0
2015-01-12T18:44:00Z,16.4,0.85,0.78,0.81,0.37,0.41,0.39,0.19,2.2,0.0,0.62,,0
2015-01-19T18:15:00Z,16.4,0.84,0.8,0.82,0.45,0.36,0.4,0.19,2.0,0.0,0.41,,0
2015-01-26T20:09:00Z,16.6,0.54,0.51,0.52,0.21,0.23,0.22,0.22,2.1,0.0,0.32,,0
2015-02-02T19:40:00Z,16.8,0.7,0.67,0.69,0.27,0.36,0.32,0.2,2.0,0.0,0.29,,0
2015-02-09T18:25:00Z,16.8,1.31,1.28,1.29,0.54,0.55,0.54,0.2,2.5,0.0,0.51,,0
2015-02-17T18:39:00Z,17.3,0.22,0.21,0.22,0.09,0.11,0.1,0.21,3.5,0.0,0.42,,0
2015-02-23T18:15:00Z,17.0,0.75,0.77,0.76,0.5,0.45,0.48,0.2,1.9,0.0,0.69,,0
2015-03-02T19:09:00Z,16.5,0.68,0.68,0.68,0.49,0.54,0.51,0.22,2.7,0.0,0.47,,0
2015-03-09T17:05:00Z,17.1,0.71,0.77,0.74,0.32,0.11,0.21,0.23,2.4,0.0,0.73,,0
2015-03-16T16:25:00Z,17.2,0.7,0.72,0.71,0.21,0.29,0.25,0.19,2.9,0.0,0.85,,0
2015-03-23T16:40:00Z,17.4,0.94,0.98,0.96,0.35,0.29,0.32,0.2,2.3,0.0,0.49,,0
2015-03-30T16:44:00Z,18.7,1.09,1.09,1.09,0.22,0.16,0.19,0.13,1.2,0.0,0.64,,0
2015-04-06T16:15:00Z,18.5,1.31,1.36,1.33,0.49,0.53,0.51,0.17,1.8,0.0,0.49,,0
2015-04-13T17:19:00Z,17.4,1.02,1.11,1.07,0.32,0.33,0.33,0.2,3.9,0.0,0.74,,0
2015-04-20T16:09:00Z,16.6,1.98,2.11,2.04,0.78,0.83,0.8,0.36,6.5,0.0,1.0,,0
2015-04-27T16:21:00Z,16.9,1.14,1.15,1.14,0.36,0.34,0.35,0.25,3.2,0.0,1.12,,0
2015-05-04T16:43:00Z,18.9,1.6,1.44,1.52,0.61,0.47,0.54,0.19,2.8,0.0,0.71,,0
2015-05-11T16:16:00Z,18.0,1.85,1.85,1.85,0.48,0.66,0.57,0.18,3.4,0.0,0.55,,0
2015-05-18T16:08:00Z,16.7,2.38,2.53,2.46,0.74,0.73,0.74,0.22,4.6,0.0,0.59,,0
2015-05-26T16:50:00Z,18.6,2.51,2.47,2.49,0.65,0.71,0.68,0.19,3.7,0.0,0.77,,0
2015-06-01T16:13:00Z,19.4,1.7,1.66,1.68,0.23,0.18,0.21,0.13,5.4,0.0,0.22,,0
2015-06-08T16:15:00Z,19.3,1.18,1.15,1.16,0.33,0.33,0.33,0.18,4.8,0.0,0.38,,0
2015-06-15T16:19:00Z,17.8,2.67,2.41,2.54,0.62,0.68,0.65,0.18,4.4,0.0,0.54,,0
2015-06-22T16:35:00Z,20.3,1.18,1.17,1.18,0.33,0.31,0.32,0.17,3.9,0.0,0.75,,0
2015-06-29T16:47:00Z,20.4,1.78,1.78,1.78,0.31,0.4,0.36,0.19,3.5,0.0,0.55,,0
2015-07-06T16:43:00Z,20.9,1.31,1.27,1.29,0.39,0.37,0.38,0.15,3.5,0.0,0.39,,0
2015-07-13T16:40:00Z,21.2,0.67,0.59,0.63,0.49,0.53,0.51,0.29,3.3,0.0,0.71,,0
2015-07-20T17:07:00Z,19.9,1.72,1.59,1.65,0.4,0.38,0.39,0.25,5.2,0.0,0.37,,0
2015-07-27T16:17:00Z,22.6,1.11,1.04,1.07,0.24,0.29,0.27,0.23,5.6,0.0,0.65,,0
2015-08-03T16:00:00Z,21.1,1.5,1.5,1.5,0.42,0.49,0.45,0.21,4.0,0.0,0.32,,0
2015-08-10T17:17:00Z,21.2,0.96,0.91,0.94,0.45,0.46,0.46,0.22,4.5,0.0,0.45,,0
2015-08-17T16:25:00Z,22.5,1.09,1.08,1.09,0.22,0.22,0.22,0.17,4.0,0.0,0.48,,0
2015-08-24T16:11:00Z,23.3,1.36,1.36,1.36,0.3,0.33,0.32,0.19,3.0,0.0,0.37,,0
2015-08-31T17:10:00Z,23.8,1.16,1.16,1.16,0.28,0.29,0.29,0.2,3.2,0.0,0.46,,0
2015-09-08T16:16:00Z,23.9,1.05,1.16,1.1,0.19,0.15,0.17,0.18,3.1,0.0,0.52,,0
2015-09-14T15:48:00Z,24.0,0.84,0.85,0.84,0.5,0.32,0.41,0.24,3.9,0.0,0.45,,0
2015-09-20T20:09:00Z,25.5,0.76,0.77,0.76,0.22,0.19,0.21,0.25,3.5,0.0,0.68,,0
2015-09-28T16:35:00Z,23.3,0.84,0.87,0.86,0.28,0.33,0.31,0.21,3.4,0.0,0.32,,0
2015-10-05T16:16:00Z,21.6,0.81,0.78,0.8,0.29,0.38,0.34,0.25,3.0,0.0,0.48,,0
2015-10-12T16:05:00Z,22.3,0.81,0.8,0.81,0.34,0.42,0.38,0.27,2.8,0.0,0.22,,0
2015-10-19T16:49:00Z,22.0,1.09,1.13,1.11,0.77,0.86,0.82,0.3,2.9,0.0,0.49,,0
2015-10-26T16:07:00Z,22.2,0.59,0.62,0.61,0.26,0.27,0.27,0.23,3.1,0.0,0.59,,0
2015-11-02T18:19:00Z,20.9,0.9,0.85,0.88,0.4,0.42,0.41,0.27,3.7,0.0,0.62,,0
2015-11-09T18:16:00Z,19.7,0.51,0.49,0.5,0.19,0.16,0.18,0.24,3.1,0.0,0.44,,0
2015-11-16T18:42:00Z,18.0,0.74,0.68,0.71,0.53,0.47,0.5,0.29,2.7,0.0,0.51,,0
2015-11-23T18:50:00Z,19.5,0.71,0.72,0.71,0.31,0.28,0.3,0.2,3.0,0.0,0.7,,0
2015-11-30T18:27:00Z,17.8,1.28,1.2,1.24,0.51,0.57,0.54,0.25,3.5,0.0,0.31,,0
2015-12-08T19:30:00Z,18.5,0.88,0.91,0.89,0.52,0.53,0.52,0.31,4.0,0.0,0.32,,0
2015-12-15T17:50:00Z,17.4,0.93,0.99,0.96,0.51,0.45,0.48,0.34,4.3,0.0,0.95,,0
2015-12-21T18:44:00Z,17.0,0.84,0.81,0.82,0.38,0.42,0.4,0.29,3.9,0.0,0.54,,0
2015-12-28T17:41:00Z,15.8,1.46,1.44,1.45,0.57,0.56,0.56,0.37,4.7,0.0,0.62,,0
2016-01-04T19:15:00Z,15.7,3.67,3.51,3.59,0.46,0.49,0.48,0.29,2.1,0.0,0.31,,0
2016-01-11T18:19:00Z,15.8,1.39,1.43,1.41,0.71,0.6,0.65,0.42,5.0,0.0,1.04,,0
2016-01-18T18:44:00Z,15.8,2.41,2.35,2.38,1.05,1.02,1.03,0.37,4.9,0.0,0.47,,0
2016-01-25T18:23:00Z,15.8,1.53,1.56,1.55,1.0,0.99,1.0,0.39,4.9,0.0,0.63,,0
2016-02-02T18:44:00Z,14.8,2.01,2.8,2.4,1.27,0.29,0.78,0.5,5.2,0.0,1.31,,0
2016-02-08T17:51:00Z,15.1,1.78,1.7,1.74,0.94,1.11,1.02,0.43,5.6,0.0,0.41,,0
2016-02-15T18:39:00Z,16.0,0.9,0.9,0.9,0.52,0.44,0.48,0.34,3.1,0.0,0.84,,0
2016-02-22T19:44:00Z,16.5,1.98,1.99,1.99,0.48,0.58,0.53,0.34,3.6,0.0,0.35,,0
2016-02-29T17:44:00Z,16.8,1.76,1.81,1.78,0.55,0.35,0.45,0.25,4.1,0.0,0.55,,0
2016-03-07T17:00:00Z,16.9,1.57,1.29,1.43,1.18,0.84,1.01,0.25,3.9,0.0,0.66,,0
2016-03-15T17:44:00Z,16.4,2.47,2.3,2.38,0.94,1.02,0.98,0.32,5.5,0.0,0.63,,0
2016-03-21T17:40:00Z,16.4,2.82,2.85,2.83,1.15,1.1,1.13,0.21,5.6,0.0,0.54,,0
2016-03-28T17:43:00Z,16.3,2.33,2.51,2.42,0.84,0.88,0.86,0.32,3.8,0.0,0.45,,0
2016-04-04T16:09:00Z,15.7,1.73,1.53,1.63,1.19,1.08,1.13,0.43,5.1,0.0,0.63,,0
2016-04-11T17:00:00Z,16.9,1.92,1.92,1.92,0.56,0.5,0.53,0.26,3.9,0.0,0.28,,0
2016-04-18T15:56:00Z,17.8,1.37,1.23,1.3,0.6,0.69,0.64,0.18,3.0,0.0,0.37,,0
2016-04-25T16:24:00Z,17.6,1.1,1.18,1.14,0.51,0.35,0.43,0.3,2.9,0.0,0.5,,0
2016-05-02T15:44:00Z,18.0,0.56,0.61,0.58,0.13,0.25,0.19,0.26,2.5,0.0,0.64,,0
2016-05-09T16:16:00Z,18.9,1.14,2.24,1.69,0.31,0.0,0.0,0.21,3.0,0.0,0.84,,0
2016-05-16T16:09:00Z,18.0,0.77,0.75,0.76,0.23,0.29,0.26,0.21,3.6,0.0,0.5,,0
2016-05-23T16:15:00Z,18.7,1.76,1.79,1.77,0.5,0.53,0.51,0.23,4.0,0.0,0.24,,0
2016-05-31T17:47:00Z,19.0,3.51,3.45,3.48,1.13,1.23,1.18,0.12,3.4,0.0,0.88,,0
2016-06-06T16:34:00Z,17.9,5.63,5.63,5.63,1.44,1.49,1.46,0.21,7.0,0.0,0.38,,0
2016-06-13T16:23:00Z,18.6,2.23,2.22,2.23,0.37,0.42,0.39,0.18,3.9,0.0,0.52,,0
2016-06-20T16:32:00Z,17.6,3.83,3.47,3.65,1.14,1.02,1.08,0.35,6.1,0.0,0.64,,0
2016-06-27T16:41:00Z,20.7,2.89,3.01,2.95,0.48,0.48,0.48,0.22,5.3,0.0,0.56,,0
2016-07-05T16:40:00Z,22.0,2.68,2.53,2.61,0.84,0.99,0.91,0.0,4.6,0.0,0.59,,0
2016-07-11T16:30:00Z,20.0,2.78,2.72,2.75,0.78,0.88,0.83,0.18,4.4,0.0,0.4,,0
2016-07-18T16:49:00Z,23.5,4.53,4.36,4.45,0.59,0.7,0.64,0.0,3.3,0.0,0.69,,0
2016-07-25T16:33:00Z,23.7,4.12,3.96,4.04,0.31,0.36,0.33,0.0,2.5,0.0,0.34,,0
2016-08-01T16:21:00Z,24.3,5.3,4.94,5.12,0.18,0.39,0.29,0.11,2.0,0.0,0.87,,0
2016-08-08T16:15:00Z,22.4,6.86,7.29,7.07,2.9,2.31,2.61,0.17,3.3,0.0,0.53,,1
2016-08-15T17:09:00Z,22.2,3.71,5.07,4.39,3.62,5.69,4.65,0.16,3.6,0.0,0.71,,0
2016-08-22T15:44:00Z,19.1,2.12,2.05,2.08,0.66,0.72,0.69,0.29,4.5,0.0,1.05,,0
2016-08-29T16:05:00Z,20.9,2.21,2.33,2.27,0.9,0.9,0.9,0.24,3.6,0.0,0.61,,0
2016-09-06T15:50:00Z,21.2,1.81,1.87,1.84,0.42,0.29,0.35,0.23,2.9,0.0,0.46,,0
2016-09-12T16:19:00Z,20.3,1.56,1.54,1.55,0.42,0.43,0.42,0.27,3.0,0.0,0.4,,0
2016-09-19T15:50:00Z,19.0,2.58,3.02,2.8,0.58,0.56,0.57,0.29,3.8,0.0,0.37,,0
2016-09-26T16:05:00Z,18.0,1.27,1.36,1.31,0.3,0.39,0.34,0.31,3.6,0.0,0.67,,0
2016-10-03T16:05:00Z,18.8,1.86,1.9,1.88,0.56,0.35,0.45,0.35,3.5,0.0,0.83,,0
2016-10-10T16:09:00Z,19.9,1.97,1.87,1.92,0.19,0.21,0.2,0.2,3.3,0.0,0.38,,0
2016-10-17T15:53:00Z,17.9,2.24,2.25,2.25,0.64,0.77,0.7,0.3,3.8,0.0,0.76,,0
2016-10-24T15:55:00Z,17.2,2.56,2.54,2.55,0.97,0.99,0.98,0.24,3.4,0.0,0.77,,0
2016-10-31T16:53:00Z,18.6,1.83,1.85,1.84,0.57,0.68,0.63,0.23,2.8,0.0,0.35,,0
2016-11-07T17:09:00Z,18.6,1.13,1.21,1.17,0.45,0.39,0.42,0.26,2.4,0.0,1.21,,0
2016-11-14T17:50:00Z,19.1,1.22,1.06,1.14,0.16,0.22,0.19,0.21,2.2,0.0,0.6,,0
2016-11-21T18:40:00Z,17.6,0.95,1.04,1.0,0.4,0.36,0.38,0.29,2.5,0.0,0.38,,0
2016-11-28T18:16:00Z,16.4,1.32,1.43,1.37,0.67,0.65,0.66,0.15,2.8,0.0,0.8,,0
2016-12-05T17:42:00Z,14.8,1.83,1.79,1.81,0.9,0.65,0.78,0.39,3.6,0.0,0.6,,0
2016-12-12T18:19:00Z,15.7,1.58,1.63,1.6,0.77,0.76,0.77,0.32,2.4,0.0,1.3,,0
2016-12-19T18:44:00Z,14.3,2.54,2.6,2.57,0.94,1.01,0.98,0.61,4.7,0.0,0.55,,0
2016-12-26T19:05:00Z,15.3,1.15,1.11,1.13,0.43,0.4,0.41,0.55,2.9,0.0,1.48,,0
2017-01-02T18:00:00Z,15.2,0.88,0.9,0.89,0.37,0.4,0.38,0.13,2.1,0.0,0.99,,0
2017-01-09T19:50:00Z,15.5,1.18,1.15,1.16,0.54,0.45,0.5,0.32,2.9,0.0,0.82,,0
2017-01-16T18:09:00Z,15.0,1.23,1.28,1.26,0.51,0.56,0.54,0.4,3.7,0.0,1.17,,0
2017-01-23T17:05:00Z,14.6,0.85,0.8,0.82,0.69,0.67,0.68,0.43,4.9,0.0,2.15,,0
2017-01-30T18:05:00Z,14.7,1.77,1.74,1.76,0.58,0.6,0.59,0.43,4.6,0.0,0.85,,0
2017-02-06T18:19:00Z,14.7,1.26,1.08,1.17,0.48,0.48,0.48,0.33,3.1,0.0,1.19,,0
2017-02-13T17:15:00Z,14.3,2.34,2.34,2.34,1.08,1.1,1.09,0.5,5.8,0.0,1.61,,0
2017-02-20T18:25:00Z,15.2,1.11,1.09,1.1,0.64,0.58,0.61,0.22,3.4,0.0,1.25,,0
2017-02-27T18:40:00Z,14.5,1.47,1.59,1.53,0.78,0.7,0.74,0.54,5.2,0.0,1.0,,0
2017-03-06T18:16:00Z,14.9,2.51,2.52,2.52,0.9,0.97,0.93,0.4,6.6,0.0,1.19,,0
2017-03-13T17:00:00Z,16.1,2.56,2.66,2.61,1.0,0.92,0.96,0.27,6.0,0.0,0.67,,0
2017-03-20T15:52:00Z,16.1,2.61,2.63,2.62,1.26,1.25,1.25,0.31,5.1,0.0,0.98,,0
2017-03-27T16:40:00Z,15.0,5.46,6.31,5.88,0.94,1.16,1.05,0.42,6.5,0.0,1.32,,0
2017-04-03T16:03:00Z,17.2,6.98,5.41,6.2,0.9,0.93,0.92,0.22,4.3,0.0,0.53,,1
2017-04-10T15:58:00Z,15.5,9.58,7.7,8.64,0.98,1.37,1.18,0.34,6.8,0.0,0.65,,1
2017-04-17T16:21:00Z,15.9,11.19,10.87,11.03,2.27,2.11,2.19,0.29,9.0,0.0,0.7,,1
2017-04-24T16:06:00Z,16.7,3.53,3.81,3.67,1.03,1.05,1.04,0.27,2.7,0.0,1.19,,0
2017-05-01T16:13:00Z,17.0,3.3,3.55,3.43,1.05,0.95,1.0,0.23,1.5,0.0,1.34,,0
2017-05-08T16:26:00Z,16.4,4.98,5.22,5.1,0.99,0.81,0.9,0.57,2.0,0.0,1.05,,0
2017-05-15T16:11:00Z,17.2,4.57,4.41,4.49,0.84,0.95,0.9,0.21,3.4,0.0,0.49,,0
2017-05-22T15:56:00Z,19.1,3.12,3.28,3.2,1.04,1.17,1.1,0.15,3.2,0.0,0.59,,0
2017-05-29T16:19:00Z,14.7,8.93,8.5,8.71,3.74,3.09,3.42,0.51,3.2,0.0,0.54,,1
2017-06-05T16:23:00Z,18.0,1.76,1.77,1.77,0.89,0.89,0.89,0.16,1.1,0.0,1.14,,0
2017-06-12T16:11:00Z,18.5,2.24,2.4,2.32,0.9,0.87,0.88,0.29,3.0,0.0,0.71,,0
2017-06-19T16:19:00Z,21.1,2.69,2.8,2.75,0.88,0.82,0.85,0.15,2.5,0.0,0.84,,0
2017-06-26T16:19:00Z,16.9,3.14,3.13,3.14,0.8,0.83,0.82,0.32,6.3,0.0,0.86,,0
2017-07-03T16:47:00Z,20.0,2.82,3.02,2.92,0.41,0.44,0.42,0.17,7.5,0.0,0.47,,0
2017-07-10T16:15:00Z,22.4,1.59,1.57,1.58,0.4,0.44,0.42,0.0,4.5,0.0,0.63,,0
2017-07-17T16:30:00Z,23.2,1.31,1.3,1.3,0.29,0.42,0.35,0.0,2.3,0.0,0.57,,0
2017-07-24T16:19:00Z,23.8,2.03,2.05,2.04,0.57,0.61,0.59,0.0,1.9,0.0,0.55,,0
2017-07-31T16:25:00Z,23.7,2.76,3.08,2.92,1.13,1.51,1.32,0.0,1.3,0.0,0.68,,0
2017-08-07T16:13:00Z,21.8,2.42,2.43,2.43,0.86,0.8,0.83,0.11,2.1,0.0,0.49,,0
2017-08-14T16:15:00Z,19.9,2.49,2.54,2.52,0.54,0.54,0.54,0.21,3.3,0.0,0.9,,0
2017-08-21T16:15:00Z,21.9,2.8,2.69,2.75,0.43,0.45,0.44,0.0,0.0,0.0,0.37,,0
2017-08-28T16:05:00Z,21.0,2.35,2.38,2.37,0.64,0.86,0.75,0.11,0.0,0.0,0.31,,0
2017-09-05T16:19:00Z,22.5,1.71,1.75,1.73,0.39,0.34,0.36,0.0,1.2,0.0,0.42,,0
2017-09-11T16:13:00Z,21.8,1.16,1.25,1.2,0.49,0.48,0.49,0.14,1.4,0.0,0.57,,0
2017-09-18T16:25:00Z,21.1,1.3,1.35,1.32,0.5,0.5,0.5,0.15,1.6,0.0,1.2,,0
2017-09-25T16:19:00Z,19.8,1.26,1.19,1.22,0.55,0.51,0.53,0.14,2.1,0.0,0.62,,0
2017-10-02T16:16:00Z,20.2,0.76,0.8,0.78,0.31,0.33,0.32,0.14,2.1,0.0,1.09,,0
2017-10-09T16:30:00Z,19.7,0.9,0.97,0.94,0.35,0.4,0.37,0.2,2.7,0.0,1.18,,0
2017-10-16T16:18:00Z,20.3,1.37,1.41,1.39,0.52,0.55,0.54,0.2,2.9,0.0,1.09,,0
2017-10-23T16:19:00Z,18.9,1.97,2.03,2.0,0.94,0.88,0.91,0.26,3.7,0.0,0.56,,0
2017-10-30T16:09:00Z,19.4,1.44,1.54,1.49,0.53,0.48,0.5,0.14,2.5,0.0,1.27,,0
2017-11-06T18:13:00Z,18.1,1.98,1.96,1.97,0.52,0.65,0.59,0.31,3.4,0.0,0.54,,0
2017-11-13T18:34:00Z,17.3,1.5,1.6,1.55,0.9,0.79,0.85,0.32,3.4,0.0,0.75,,0
2017-11-20T18:15:00Z,15.7,2.45,2.35,2.4,0.81,0.88,0.85,0.42,4.8,0.0,0.32,,0
2017-11-27T18:16:00Z,17.1,1.84,1.79,1.82,0.65,0.73,0.69,0.33,2.8,0.0,0.56,,0
2017-12-04T17:16:00Z,16.5,0.88,0.82,0.85,0.44,0.45,0.45,0.26,2.5,0.0,0.38,,0
2017-12-11T18:18:00Z,16.4,0.8,0.83,0.81,0.5,0.46,0.48,0.28,2.3,0.0,0.61,,0
2017-12-18T18:16:00Z,16.4,0.65,0.69,0.67,0.36,0.35,0.36,0.42,2.3,0.0,0.63,,0
2017-12-23T18:09:00Z,15.6,1.24,1.22,1.23,0.48,0.54,0.51,0.25,2.5,0.0,0.44,,0
2018-01-02T18:19:00Z,16.3,0.68,0.65,0.67,0.37,0.39,0.38,0.3,2.5,0.0,0.54,,0
2018-01-08T18:50:00Z,16.3,0.94,0.96,0.95,0.6,0.66,0.63,0.35,2.7,0.0,1.25,,0
2018-01-16T18:35:00Z,16.3,0.89,0.86,0.88,0.59,0.58,0.58,0.32,3.1,0.0,0.92,,0
2018-01-22T18:44:00Z,15.5,1.22,1.23,1.22,0.61,0.56,0.59,0.37,3.4,0.0,0.43,,0
2018-01-29T18:46:00Z,15.5,2.46,2.63,2.54,0.61,0.54,0.57,0.27,3.5,0.0,0.53,,0
2018-02-05T18:50:00Z,15.7,1.29,1.23,1.26,0.27,0.3,0.29,0.26,2.3,0.0,0.64,,0
2018-02-12T18:55:00Z,16.2,1.03,1.03,1.03,0.32,0.27,0.3,0.27,2.3,0.0,0.33,,0
2018-02-19T18:05:00Z,15.9,1.31,1.44,1.37,0.54,0.6,0.57,0.36,1.8,0.0,1.05,,0
2018-02-26T18:44:00Z,14.4,1.83,1.77,1.8,0.73,0.72,0.73,0.4,3.7,0.0,0.48,,0
2018-03-05T18:47:00Z,14.5,1.43,1.49,1.46,0.52,0.49,0.51,0.3,4.7,0.0,0.0,,0
2018-03-12T17:48:00Z,15.4,2.03,2.05,2.04,0.62,0.63,0.62,0.22,2.1,0.0,0.0,,0
2018-03-19T17:07:00Z,14.8,1.69,1.65,1.67,0.7,0.77,0.73,0.33,4.2,0.0,0.39,,0
2018-03-26T17:25:00Z,13.1,3.14,3.34,3.24,1.68,1.87,1.78,0.81,11.4,0.0,0.25,,0
2018-04-02T17:32:00Z,13.6,5.21,5.21,5.21,1.39,1.5,1.45,0.41,8.6,0.0,0.33,,0
2018-04-10T17:25:00Z,17.5,2.07,2.24,2.15,0.6,0.5,0.55,0.16,4.6,0.0,0.31,,0
2018-04-16T17:51:00Z,15.9,2.41,2.41,2.41,0.94,1.13,1.03,0.32,7.0,0.0,0.47,,0
2018-04-23T17:36:00Z,16.8,4.79,5.13,4.96,1.81,1.75,1.78,0.12,8.0,0.0,0.0,,0
2018-04-30T17:48:00Z,14.2,3.49,3.45,3.47,1.5,1.56,1.53,0.74,13.4,0.0,1.18,,0
2018-05-07T17:56:00Z,16.0,5.74,6.08,5.91,3.02,3.4,3.21,0.5,12.3,0.0,0.35,,0
2018-05-14T18:00:00Z,18.2,2.26,2.38,2.32,1.3,1.35,1.32,0.18,5.3,0.0,0.0,,0
2018-05-21T17:35:00Z,17.0,5.41,6.27,5.84,4.23,5.92,5.07,0.29,5.9,0.0,0.6,,0
2018-05-29T17:09:00Z,18.1,3.26,3.48,3.37,2.44,2.41,2.43,0.2,4.7,0.0,0.0,,0
2018-06-04T17:41:00Z,19.1,3.39,3.51,3.45,2.51,2.48,2.49,0.19,5.7,0.0,0.41,,0
2018-06-11T17:15:00Z,20.0,3.64,3.59,3.61,1.99,1.9,1.95,0.15,3.8,0.0,0.32,,0
2018-06-18T17:19:00Z,19.7,2.95,2.86,2.91,1.66,2.05,1.86,0.0,3.1,0.0,0.22,,0
2018-06-25T17:44:00Z,20.0,0.8,0.88,0.84,0.29,0.31,0.3,0.14,1.4,0.0,0.0,,0
2018-07-02T17:06:00Z,21.4,2.01,2.02,2.01,0.39,0.36,0.38,0.0,1.4,0.0,0.0,,0
2018-07-09T17:23:00Z,23.0,1.15,1.16,1.15,0.15,0.2,0.18,0.0,1.7,0.0,0.35,,0
2018-07-16T17:39:00Z,21.2,2.26,2.26,2.26,0.42,0.48,0.45,0.13,3.3,0.0,0.58,,0
2018-07-23T17:19:00Z,23.1,1.19,1.2,1.19,0.17,0.27,0.22,0.11,1.6,0.0,0.33,,0
2018-07-30T17:19:00Z,25.3,1.77,1.76,1.77,0.21,0.29,0.25,0.0,0.0,0.0,0.3,,0
2018-08-06T18:16:00Z,25.5,2.54,2.59,2.56,0.69,0.68,0.68,0.0,1.1,0.0,0.0,,0
2018-08-13T17:27:00Z,25.1,1.1,1.07,1.08,0.12,0.19,0.15,0.0,1.4,0.0,0.0,,0
2018-08-20T17:11:00Z,23.1,1.48,1.46,1.47,0.35,0.33,0.34,0.35,2.2,0.0,0.0,,0
2018-08-27T17:40:00Z,23.7,2.77,2.8,2.78,0.35,0.38,0.36,0.13,1.3,0.0,0.0,,0
2018-09-04T17:17:00Z,23.1,6.55,6.85,6.7,0.77,1.16,0.96,0.0,0.0,0.0,0.41,,0
2018-09-10T17:42:00Z,21.3,1.65,1.61,1.63,0.35,0.36,0.35,0.23,1.6,0.0,0.46,,0
2018-09-17T17:13:00Z,21.9,1.61,1.64,1.62,0.41,0.35,0.38,0.14,1.9,0.0,0.0,,0
2018-09-24T17:07:00Z,21.3,1.7,1.64,1.67,0.26,0.26,0.26,0.11,2.1,0.0,0.0,,0
2018-10-01T17:13:00Z,20.3,1.2,1.17,1.19,0.2,0.2,0.2,0.0,2.5,0.0,0.0,,0
2018-10-08T17:10:00Z,18.7,0.17,0.97,0.57,0.0,0.06,0.0,0.18,2.8,0.0,0.27,,0
2018-10-15T17:09:00Z,18.1,1.43,1.44,1.44,0.18,0.19,0.18,0.23,2.8,0.0,0.53,,0
2018-10-22T17:00:00Z,18.8,0.79,0.8,0.8,0.0,0.0,0.0,0.17,2.6,0.0,0.0,,0
2018-10-29T17:25:00Z,19.0,1.02,1.05,1.04,0.05,0.05,0.05,0.12,2.4,0.0,0.0,,0
2018-11-05T18:22:00Z,19.0,0.46,0.44,0.45,0.17,0.18,0.17,0.12,2.1,0.0,0.25,,0
2018-11-13T18:18:00Z,17.5,0.73,0.71,0.72,0.37,0.43,0.4,0.24,2.7,0.0,0.21,,0
2018-11-19T18:13:00Z,18.2,0.6,0.59,0.6,0.0,0.0,0.0,0.2,2.2,0.0,0.34,,0
2018-11-26T17:51:00Z,17.9,0.92,1.08,1.0,0.2,0.28,0.24,0.19,2.4,0.0,0.0,,0
2018-12-03T18:24:00Z,17.1,1.02,0.99,1.0,0.22,0.17,0.19,0.25,2.9,0.0,0.4,,0
2018-12-10T18:13:00Z,16.9,0.64,0.62,0.63,0.09,0.07,0.08,0.4,1.7,0.0,0.65,,0
2018-12-17T18:26:00Z,16.8,1.13,1.1,1.11,0.51,0.48,0.49,0.4,1.8,0.0,0.59,,0
2018-12-23T18:21:00Z,16.7,0.96,0.95,0.95,0.31,0.38,0.34,0.44,2.1,0.0,0.78,,0
2018-12-31T18:16:00Z,15.7,2.03,2.09,2.06,0.63,0.57,0.6,0.45,3.5,0.0,0.45,,0
2019-01-07T18:08:00Z,15.3,0.71,0.69,0.7,0.46,0.48,0.47,0.48,2.5,0.0,0.42,20852.0,0
2019-01-14T18:09:00Z,15.6,0.65,0.68,0.67,0.19,0.2,0.19,0.5,1.9,0.0,0.34,23347.0,0
2019-01-22T18:05:00Z,15.5,1.42,1.41,1.41,0.67,0.65,0.66,0.47,2.9,0.0,0.37,38468.0,0
2019-01-28T18:03:00Z,15.3,1.47,1.49,1.48,0.6,0.6,0.6,0.44,3.1,0.0,0.63,60490.0,0
2019-02-04T18:08:00Z,15.6,0.95,0.99,0.97,0.2,0.24,0.22,0.48,2.3,0.0,0.41,110141.0,0
2019-02-11T17:51:00Z,14.8,1.57,1.54,1.56,0.47,0.57,0.52,0.49,2.2,0.0,0.0,267843.0,0
2019-02-19T18:30:00Z,14.5,0.74,0.74,0.74,0.39,0.42,0.4,0.58,5.4,0.0,1.31,43091.0,0
2019-02-25T17:57:00Z,14.0,2.03,1.91,1.97,0.52,0.63,0.57,0.54,3.2,0.0,0.74,428048.0,0
2019-03-04T17:56:00Z,14.6,1.5,1.49,1.49,0.7,0.82,0.76,0.54,0.0,0.0,0.88,399262.0,0
2019-03-11T17:01:00Z,14.6,2.23,2.28,2.26,0.84,0.82,0.83,0.48,1.2,0.0,2.21,61441.0,0
2019-03-18T17:09:00Z,15.7,1.32,1.46,1.39,0.6,0.49,0.55,0.47,2.3,0.0,0.8,55324.0,0
2019-03-25T17:05:00Z,15.8,1.56,1.52,1.54,1.01,0.91,0.96,0.44,2.1,0.0,0.93,268469.0,0
2019-04-01T17:35:00Z,16.0,2.41,2.2,2.3,1.24,1.24,1.24,0.34,3.8,0.0,0.39,116629.0,0
2019-04-08T17:44:00Z,16.1,2.09,1.93,2.01,0.79,0.91,0.85,0.48,3.5,0.0,1.02,276604.0,0
2019-04-15T18:03:00Z,16.0,2.74,2.65,2.7,0.64,0.66,0.65,0.38,5.1,0.0,0.62,103987.0,0
2019-04-22T18:19:00Z,17.0,0.46,0.44,0.45,0.07,0.07,0.07,0.28,3.7,0.0,0.41,54509.0,0
2019-04-29T18:02:00Z,17.8,1.48,1.38,1.43,0.52,0.5,0.51,0.29,3.4,0.0,0.43,79112.0,0
2019-05-06T17:52:00Z,18.4,0.9,0.92,0.91,0.27,0.35,0.31,0.24,3.7,0.0,1.14,50702.0,0
2019-05-13T17:57:00Z,18.3,2.12,2.31,2.21,0.51,0.39,0.45,0.28,4.9,0.0,0.97,143309.0,0
2019-05-20T18:00:00Z,17.6,8.8,8.28,8.54,1.15,1.61,1.38,0.3,6.2,0.0,0.5,364843.0,1
2019-05-28T17:27:00Z,17.2,5.82,5.83,5.82,0.56,0.64,0.6,0.27,6.6,0.0,0.42,440565.0,0
2019-06-03T17:44:00Z,18.0,54.68,56.69,55.68,0.0,0.0,0.0,0.17,6.3,0.0,0.0,1359867.0,1
2019-06-10T17:42:00Z,19.2,6.27,6.28,6.28,1.11,0.8,0.95,0.21,4.0,0.0,0.6,303514.0,0
2019-06-17T17:15:00Z,19.4,17.31,16.05,16.68,2.2,4.56,3.38,0.16,4.2,0.0,0.69,630809.0,1
2019-06-24T17:19:00Z,19.8,4.34,4.24,4.29,1.18,1.31,1.25,0.3,3.5,0.0,1.45,279734.0,0
2019-07-01T17:19:00Z,17.8,1.89,1.84,1.86,0.45,0.54,0.5,0.28,4.1,0.0,1.02,260959.0,0
2019-07-08T17:25:00Z,19.3,0.94,0.94,0.94,0.41,0.44,0.43,0.21,3.7,0.0,1.85,264088.0,0
2019-07-15T17:17:00Z,21.3,3.21,3.3,3.26,1.03,1.1,1.07,0.0,1.8,0.0,0.23,296004.0,0
2019-07-22T17:19:00Z,22.2,1.73,1.74,1.74,0.65,0.75,0.7,0.14,1.1,0.0,1.3,180921.0,0
2019-07-29T17:15:00Z,22.8,1.87,1.97,1.92,0.68,0.74,0.71,0.14,2.0,0.0,0.73,146870.0,0
2019-08-05T17:14:00Z,21.5,1.82,1.86,1.84,0.92,1.02,0.97,0.11,2.3,0.0,0.58,142593.0,0
2019-08-12T17:11:00Z,21.4,5.99,6.52,6.26,1.6,1.79,1.69,0.0,2.1,0.0,0.21,377358.0,0
2019-08-19T17:15:00Z,21.5,2.67,2.71,2.69,0.71,0.7,0.71,0.0,1.6,0.0,0.45,578866.0,0
2019-08-26T17:52:00Z,19.9,6.7,6.9,6.8,1.63,1.35,1.49,0.19,2.2,0.0,0.54,787884.0,1
2019-09-03T17:08:00Z,25.2,4.21,4.62,4.42,1.53,1.55,1.54,0.0,0.0,0.0,0.0,210694.0,0
2019-09-09T17:15:00Z,24.2,2.15,2.01,2.08,0.54,0.82,0.68,0.0,1.0,0.0,0.21,117173.0,0
2019-09-16T17:22:00Z,23.6,1.77,1.79,1.78,0.63,0.7,0.67,0.0,1.4,0.0,0.0,108473.0,0
2019-09-23T17:22:00Z,20.9,2.2,2.14,2.17,0.74,0.72,0.73,0.0,2.3,0.0,0.78,154418.0,0
2019-09-30T17:34:00Z,21.0,2.4,2.31,2.36,1.01,0.99,1.0,0.0,1.8,0.0,0.21,245314.0,0
2019-10-07T18:30:00Z,19.3,2.2,2.14,2.17,0.93,0.87,0.9,0.17,2.8,0.0,0.34,369224.0,0
2019-10-14T18:16:00Z,18.9,1.29,1.42,1.36,0.43,0.47,0.45,0.0,3.1,0.0,0.57,300385.0,0
2019-10-21T18:26:00Z,17.9,0.19,0.12,0.16,3.11,3.17,3.14,0.17,4.2,0.0,0.75,426797.0,0
2019-10-28T18:35:00Z,19.7,0.97,1.0,0.98,0.38,0.43,0.41,0.0,1.9,0.0,0.0,256579.0,0
2019-11-04T19:26:00Z,18.7,0.84,0.84,0.84,0.34,0.33,0.33,0.12,2.4,0.0,0.98,60081.0,0
2019-11-12T18:40:00Z,18.4,0.95,0.94,0.94,0.49,0.5,0.49,0.13,2.1,0.0,1.13,41051.0,0
2019-11-18T19:13:00Z,16.9,1.26,1.3,1.28,0.58,0.66,0.62,0.2,3.9,0.0,0.87,65655.0,0
2019-11-25T18:15:00Z,16.9,1.4,1.46,1.43,0.73,0.74,0.74,0.21,3.0,0.0,0.78,254702.0,0
2019-12-02T19:30:00Z,16.5,2.41,2.42,2.42,0.81,0.81,0.81,0.16,3.2,0.0,0.37,335430.0,0
2019-12-09T18:35:00Z,16.8,1.28,1.28,1.28,0.62,0.67,0.64,0.15,2.6,0.0,0.42,118152.0,0
2019-12-16T18:17:00Z,16.1,2.66,2.11,2.39,0.94,0.86,0.9,0.15,3.8,0.0,0.35,166463.0,0
2019-12-23T17:40:00Z,15.5,1.55,1.43,1.49,0.51,0.6,0.55,0.16,2.5,0.0,0.8,142057.0,0
2019-12-30T18:13:00Z,15.1,1.59,1.67,1.63,0.65,0.65,0.65,0.24,3.3,0.0,1.25,79656.0,0
2020-01-06T17:55:00Z,15.5,1.06,1.17,1.11,0.62,0.71,0.67,0.18,3.0,0.0,0.57,115691.0,0
2020-01-13T19:10:00Z,15.3,1.14,1.09,1.12,0.55,0.61,0.58,0.32,3.6,0.0,0.83,125127.0,0
2020-01-21T19:00:00Z,15.4,1.47,1.36,1.42,0.61,0.74,0.68,0.27,2.8,0.0,0.47,87811.0,0
2020-01-27T18:47:00Z,15.6,0.58,0.56,0.57,0.25,0.24,0.24,0.24,2.5,0.0,0.6,45129.0,0
2020-02-03T18:40:00Z,15.5,0.79,0.82,0.8,0.55,0.56,0.56,0.29,2.7,0.0,0.75,65927.0,0
2020-02-10T18:34:00Z,14.8,0.99,1.0,0.99,0.37,0.35,0.36,0.26,2.9,0.0,0.52,98006.0,0
2020-02-18T17:58:00Z,15.6,0.94,0.85,0.9,0.42,0.48,0.45,0.33,2.5,0.0,0.84,226459.0,0
2020-02-24T18:27:00Z,15.7,0.83,0.84,0.84,0.29,0.28,0.28,0.28,2.4,0.0,0.29,101269.0,0
2020-03-02T18:30:00Z,15.8,0.82,0.84,0.83,0.31,0.28,0.3,0.23,2.1,0.0,0.37,204011.0,0
2020-03-09T17:40:00Z,16.1,0.72,0.72,0.72,0.27,0.24,0.25,0.25,2.0,0.0,0.79,73435.0,0
2020-03-16T17:44:00Z,16.4,1.93,1.54,1.73,0.37,0.78,0.58,0.16,2.3,0.0,0.44,105075.0,0
2020-03-23T17:09:00Z,16.5,0.87,0.86,0.86,0.37,0.3,0.33,0.21,2.4,0.0,0.55,102221.0,0
2020-03-30T18:40:00Z,16.3,,,,,,,0.28,3.8,0.0,0.66,,0
2020-04-07T20:30:00Z,16.0,,,,,,,0.28,3.8,0.0,0.27,,0
2020-04-13T18:40:00Z,16.3,,,,,,,0.31,7.0,0.0,0.24,,0
2020-04-20T19:26:00Z,16.7,,,,,,,0.12,8.2,0.0,0.0,,0
2020-04-27T18:17:00Z,19.9,,,,,,,0.13,8.3,0.0,0.0,,0
2020-05-04T19:35:00Z,19.5,,,,,,,0.32,11.0,0.0,0.32,,0
2020-05-11T19:50:00Z,20.5,,,,,,,0.15,6.6,0.0,0.0,,0
2020-05-18T19:35:00Z,20.5,,,,,,,0.57,5.5,0.0,11.44,,0
2020-05-26T19:30:00Z,19.3,,,,,,,0.0,1.3,0.0,0.0,,0
2020-06-01T20:30:00Z,16.4,4.6,4.52,4.56,1.3,1.51,1.4,0.4,7.0,0.0,0.29,2319222.0,0
2020-06-08T18:25:00Z,19.0,1.64,1.56,1.6,0.61,0.75,0.68,0.26,3.2,0.0,0.34,550706.0,0
2020-06-15T17:34:00Z,20.6,2.45,2.25,2.35,0.97,1.14,1.05,0.19,3.0,0.0,0.0,111328.0,0
2020-06-22T18:09:00Z,20.4,2.61,2.46,2.54,1.1,1.12,1.11,0.14,2.5,0.0,0.0,173721.0,0
2020-06-29T17:19:00Z,20.0,2.14,2.01,2.08,0.8,0.91,0.86,0.17,3.8,0.0,0.26,146460.0,0
2020-07-06T19:19:00Z,22.2,2.49,2.38,2.44,0.62,0.67,0.65,0.1,3.9,0.0,0.0,169023.0,0
2020-07-13T18:00:00Z,23.3,3.39,3.19,3.29,0.94,1.14,1.04,0.11,2.7,0.0,0.0,182972.0,0
2020-07-20T18:19:00Z,15.3,2.71,2.87,2.79,1.77,1.23,1.5,0.66,8.7,0.0,1.04,304140.0,0
2020-07-27T18:30:00Z,20.3,4.04,3.67,3.86,1.12,1.55,1.33,0.19,4.2,0.0,0.0,328546.0,0
2020-08-03T17:25:00Z,19.0,1.6,1.59,1.59,0.54,0.57,0.55,0.3,3.0,0.0,0.0,534434.0,0
2020-08-10T18:15:00Z,19.9,3.74,3.58,3.66,0.76,0.84,0.8,0.17,2.6,0.0,0.0,807284.0,0
2020-08-17T17:40:00Z,22.0,0.93,0.93,0.93,0.27,0.31,0.29,0.14,1.9,0.0,0.22,120299.0,0
2020-08-24T18:09:00Z,24.7,2.18,2.06,2.12,0.56,0.57,0.57,0.14,1.5,0.0,0.0,71772.0,0
2020-08-31T17:34:00Z,17.3,1.62,1.7,1.66,0.41,0.46,0.44,0.37,3.3,0.0,0.0,372978.0,0
2020-09-08T18:50:00Z,22.0,1.64,1.57,1.6,0.59,0.58,0.59,0.21,1.9,0.0,1.16,78297.0,0
2020-09-14T18:09:00Z,21.9,1.58,1.58,1.58,0.37,0.42,0.39,0.1,1.7,0.0,0.0,94473.0,0
2020-09-21T17:30:00Z,21.3,1.72,1.8,1.76,0.82,0.72,0.77,0.0,2.6,0.0,0.31,63072.0,0
2020-09-28T17:50:00Z,21.0,1.85,1.8,1.83,0.4,0.45,0.42,0.0,2.4,0.0,0.41,72180.0,0
2020-10-05T17:25:00Z,20.4,1.61,1.55,1.58,0.42,0.42,0.42,0.11,2.5,0.0,0.43,91754.0,0
2020-10-12T17:15:00Z,21.2,1.78,1.77,1.78,0.44,0.49,0.46,0.0,2.2,0.0,0.0,94200.0,0
2020-10-19T16:57:00Z,21.1,1.64,1.59,1.61,0.36,0.47,0.42,0.0,2.1,0.0,0.0,104123.0,0
2020-10-26T16:40:00Z,20.0,1.68,1.54,1.61,0.47,0.73,0.6,0.0,2.2,0.0,0.61,93657.0,0
2020-11-02T18:15:00Z,17.8,1.46,1.44,1.45,0.45,0.39,0.42,0.18,3.6,0.0,0.34,57771.0,0
2020-11-09T18:09:00Z,17.4,2.03,2.02,2.02,1.03,1.01,1.02,0.25,3.1,0.0,0.61,228510.0,0
2020-11-16T18:40:00Z,15.6,4.88,4.64,4.76,1.02,1.16,1.09,0.26,4.1,0.0,0.0,502519.0,0
2020-11-23T19:25:00Z,16.3,3.01,2.85,2.93,0.92,0.82,0.87,0.22,3.9,0.0,0.2,216527.0,0
2020-11-30T18:15:00Z,16.3,1.56,1.51,1.54,0.45,0.39,0.42,0.16,3.3,0.0,0.67,119529.0,0
2020-12-07T18:25:00Z,15.7,1.57,1.42,1.5,0.35,0.4,0.37,0.2,2.8,0.0,0.42,72180.0,0
2020-12-14T18:19:00Z,15.7,1.91,1.93,1.92,0.47,0.46,0.46,0.22,2.9,0.0,0.41,91486.0,0
2020-12-21T18:15:00Z,15.2,2.87,2.9,2.88,0.92,0.85,0.89,0.21,3.4,0.0,0.31,91618.0,0
2020-12-28T17:25:00Z,14.8,2.98,2.82,2.9,0.66,0.75,0.7,0.24,3.6,0.0,0.39,178980.0,0
2021-01-04T18:19:00Z,14.6,3.32,3.65,3.48,0.92,0.66,0.79,0.27,4.3,0.0,0.4,247818.0,0
2021-01-11T18:57:00Z,13.9,4.25,4.19,4.22,0.8,0.63,0.71,0.46,5.7,0.0,0.23,169592.0,0
2021-01-18T20:50:00Z,15.0,5.4,5.48,5.44,0.93,0.54,0.73,0.17,3.5,0.0,3.94,281610.0,0
2021-01-26T20:00:00Z,14.7,2.74,2.19,2.47,1.26,1.82,1.54,0.32,2.9,0.0,2.03,112645.0,0
2021-02-01T18:50:00Z,14.5,4.2,4.02,4.11,0.81,0.63,0.72,0.27,3.9,0.0,0.0,162083.0,0
2021-02-08T18:30:00Z,14.3,7.95,7.98,7.96,1.06,0.95,1.0,0.26,4.1,0.0,0.42,306017.0,1
2021-02-16T18:50:00Z,14.7,3.23,3.24,3.23,0.64,0.75,0.7,0.2,2.6,0.0,0.3,200882.0,0
2021-02-22T18:44:00Z,14.4,2.46,2.45,2.46,0.66,0.62,0.64,0.33,6.1,0.0,0.0,166463.0,0
2021-03-01T19:21:00Z,14.6,1.74,1.94,1.84,0.34,0.49,0.42,0.26,5.5,0.0,0.52,193373.0,0
2021-03-08T19:31:00Z,14.6,4.37,4.37,4.37,0.81,1.01,0.91,0.29,9.5,0.0,2.57,314153.0,0
2021-03-15T17:40:00Z,14.9,5.95,5.75,5.85,1.1,1.08,1.09,0.16,5.1,0.0,0.31,262211.0,0
2021-03-22T17:46:00Z,13.3,8.02,9.18,8.6,1.31,1.35,1.33,0.63,13.5,0.0,0.49,386120.0,1
2021-03-29T18:11:00Z,14.8,8.29,8.38,8.34,0.51,0.03,0.27,0.28,8.2,0.0,0.31,536312.0,1
2021-04-05T18:16:00Z,16.3,4.33,4.24,4.29,0.69,0.51,0.6,0.2,3.5,0.0,0.0,306018.0,0
2021-04-12T18:09:00Z,17.7,3.66,3.66,3.66,0.74,0.67,0.71,0.0,4.0,0.0,0.0,212146.0,0
2021-04-19T18:06:00Z,17.1,6.43,6.46,6.45,0.7,0.63,0.66,0.21,7.3,0.0,0.0,404268.0,0
2021-04-26T18:25:00Z,16.4,1.92,1.94,1.93,0.32,0.33,0.33,0.22,8.8,0.0,0.27,348572.0,0
2021-05-03T17:58:00Z,17.2,3.71,3.88,3.8,1.12,1.14,1.13,0.21,7.8,0.0,0.21,414281.0,0
2021-05-10T17:55:00Z,18.0,4.62,4.55,4.59,0.68,0.84,0.76,0.0,5.2,0.0,0.24,326043.0,0
2021-05-17T18:02:00Z,18.1,4.03,3.8,3.91,0.59,0.72,0.65,0.14,5.8,0.0,1.23,165972.0,0
2021-05-24T18:00:00Z,19.4,1.51,1.62,1.56,0.3,0.3,0.3,0.0,3.7,0.0,0.29,,0
2021-06-01T18:32:00Z,19.6,2.37,2.43,2.4,0.75,0.74,0.75,0.0,3.1,0.0,0.37,,0
2021-06-07T18:41:00Z,19.4,4.37,4.26,4.31,1.07,0.92,0.99,0.1,2.4,0.0,0.0,,0
2021-06-14T18:10:00Z,19.9,1.39,1.42,1.4,0.43,0.45,0.44,0.0,2.5,0.0,0.23,,0
2021-06-21T17:44:00Z,19.7,1.34,1.3,1.32,0.43,0.45,0.44,0.15,2.4,0.0,0.6,,0
2021-06-28T16:27:00Z,19.1,1.47,1.87,1.67,0.48,0.66,0.57,0.19,2.5,0.0,0.96,,0
2021-07-06T17:30:00Z,21.0,2.13,2.18,2.15,0.65,0.68,0.66,0.0,1.0,0.0,0.37,,0
2021-07-12T18:00:00Z,22.1,0.61,1.18,0.89,1.53,0.4,0.97,0.15,1.3,0.0,0.76,,0
2021-07-19T17:16:00Z,23.4,1.4,1.34,1.37,0.31,0.33,0.32,0.13,1.5,0.0,0.43,,0
2021-07-26T19:01:00Z,22.6,1.62,1.4,1.51,0.0,0.35,0.16,0.0,0.0,0.0,0.0,,0
2021-08-02T18:48:00Z,16.0,1.1,2.4,1.75,1.88,0.67,1.27,0.34,2.8,0.0,0.46,,0
2021-08-09T19:17:00Z,21.2,1.83,1.84,1.84,0.31,0.33,0.32,0.0,0.0,0.0,0.38,,0
2021-08-16T19:17:00Z,20.2,2.05,2.01,2.03,0.49,0.54,0.51,0.11,2.6,0.0,0.25,,0
2021-08-23T18:50:00Z,21.7,2.71,2.93,2.82,0.83,0.91,0.87,0.0,1.6,0.0,0.0,,0
2021-08-30T19:38:00Z,20.3,2.37,2.33,2.35,0.88,0.91,0.9,0.0,2.8,0.0,0.61,,0
2021-09-07T19:00:00Z,20.3,2.1,2.04,2.07,0.46,0.46,0.46,0.12,3.0,0.0,0.26,,0
2021-09-13T18:50:00Z,17.1,4.82,4.86,4.84,1.14,1.11,1.12,0.36,5.6,0.0,0.22,,0
2021-09-20T18:58:00Z,18.8,2.11,2.19,2.15,0.55,0.55,0.55,0.27,4.9,0.0,0.76,138922.0,0
2021-09-27T19:33:00Z,18.1,2.7,2.74,2.72,0.77,0.83,0.8,0.2,2.8,0.0,0.3,,0
2021-10-04T19:40:00Z,19.9,2.25,2.26,2.26,0.37,0.38,0.38,0.0,1.9,0.0,0.38,,0
2021-10-11T18:52:00Z,19.0,4.85,4.86,4.86,0.97,0.96,0.96,0.17,2.1,0.0,0.0,,0
2021-10-18T19:08:00Z,18.9,1.02,0.99,1.01,0.29,0.26,0.28,0.18,1.3,0.0,0.25,,0
2021-10-25T18:25:00Z,18.1,3.42,3.44,3.43,1.04,0.97,1.0,0.16,1.8,0.0,0.0,,0
2021-11-01T18:48:00Z,18.6,1.81,1.81,1.81,0.39,0.38,0.38,0.14,1.6,0.0,0.0,67587.0,0
2021-11-08T19:43:00Z,18.2,2.1,2.18,2.14,0.37,0.35,0.36,0.15,1.7,0.0,0.0,133742.0,0
2021-11-15T20:08:00Z,17.4,11.49,11.04,11.26,0.57,0.76,0.66,0.18,2.3,0.0,0.34,229670.0,1
2021-11-22T19:50:00Z,17.5,2.58,2.45,2.51,0.95,1.1,1.03,0.19,2.3,0.0,0.0,139553.0,0
2021-11-29T19:40:00Z,17.1,1.07,1.09,1.08,0.34,0.32,0.33,0.24,1.7,0.0,0.64,77600.0,0
2021-12-06T20:07:00Z,15.8,8.59,8.63,8.61,0.28,0.14,0.21,0.38,3.0,0.0,0.31,147064.0,1
2021-12-13T19:39:00Z,15.8,1.98,1.95,1.97,0.3,0.34,0.32,0.32,2.2,0.0,0.49,43906.0,0
2021-12-20T20:05:00Z,15.2,1.9,1.9,1.9,0.5,0.43,0.46,0.33,2.6,0.0,0.49,173347.0,0
2021-12-27T19:53:00Z,15.1,1.24,1.21,1.22,0.24,0.24,0.24,0.31,2.1,0.0,0.59,82918.0,0
2022-01-03T20:01:00Z,15.2,1.0,0.97,0.98,0.38,0.38,0.38,0.31,1.7,0.0,0.0,157702.0,0
2022-01-10T20:16:00Z,15.1,1.52,1.57,1.54,0.48,0.45,0.46,0.34,2.1,0.0,0.0,38197.0,0
2022-01-18T19:53:00Z,15.6,1.01,1.06,1.03,0.33,0.34,0.33,0.29,1.3,0.0,0.0,15496.0,0
2022-01-24T20:00:00Z,15.1,2.5,2.46,2.48,0.49,0.51,0.5,0.38,2.7,0.0,0.0,53421.0,0
2022-01-31T19:58:00Z,15.6,0.54,0.52,0.53,0.16,0.16,0.16,0.29,1.6,0.0,0.0,15225.0,0
2022-02-07T19:51:00Z,15.2,1.39,1.43,1.41,0.27,0.33,0.3,0.33,2.7,0.0,0.39,55052.0,0
2022-02-14T19:51:00Z,16.0,1.13,1.14,1.14,0.26,0.22,0.24,0.27,2.1,0.0,0.38,212147.0,0
2022-02-22T19:53:00Z,15.1,1.84,1.77,1.81,0.31,0.33,0.32,0.28,1.8,0.0,0.35,168203.0,0
2022-02-28T20:00:00Z,14.7,4.29,2.47,3.38,0.45,2.31,1.38,0.22,3.6,0.0,0.0,109516.0,0
2022-03-07T19:55:00Z,15.2,1.83,1.82,1.82,0.35,0.28,0.31,0.26,3.4,0.0,0.2,222786.0,0
2022-03-14T19:00:00Z,15.5,5.01,4.93,4.97,0.22,0.29,0.25,0.18,2.4,0.0,0.28,183986.0,0
2022-03-21T19:09:00Z,16.0,11.1,10.92,11.01,0.88,0.61,0.74,0.15,4.1,0.0,0.0,348572.0,1
2022-03-28T18:07:00Z,15.1,5.05,5.35,5.2,0.51,0.1,0.3,0.28,4.7,0.0,0.3,583247.0,0
2022-04-04T19:05:00Z,16.0,4.8,4.33,4.57,0.52,0.73,0.63,0.22,4.0,0.0,0.43,173347.0,0
2022-04-11T18:57:00Z,17.0,2.83,2.75,2.79,0.5,0.66,0.58,0.2,4.2,0.0,0.43,187114.0,0
2022-04-18T19:08:00Z,15.4,2.43,6.52,4.48,6.03,1.51,3.77,0.49,8.4,0.0,0.61,263463.0,0
2022-04-25T19:10:00Z,15.6,8.2,8.03,8.12,0.75,0.8,0.78,0.33,13.2,0.0,0.0,737195.0,1
2022-05-02T19:07:00Z,16.1,3.24,3.31,3.28,0.62,0.46,0.54,0.2,5.8,0.0,0.39,572609.0,0
2022-05-09T19:00:00Z,17.7,3.06,3.22,3.14,0.64,0.67,0.66,,,,,488126.0,0
2022-05-16T19:01:00Z,17.2,11.81,,11.81,1.09,,1.09,,,,,870449.0,1
2022-05-23T15:31:00Z,17.4,3.08,3.31,3.19,1.18,0.76,0.97,,,,,203386.0,0
2022-05-31T18:52:00Z,19.1,5.94,5.7,5.82,0.72,0.64,0.68,,,,,466222.0,0
2022-06-06T19:06:00Z,20.9,2.19,2.27,2.23,0.49,0.52,0.51,,,,,237805.0,0
2022-06-13T19:01:00Z,19.5,1.95,1.92,1.93,0.41,0.43,0.42,,,,,96999.0,0
2022-06-21T19:06:00Z,21.2,1.25,1.39,1.32,0.49,0.42,0.46,,,,,101380.0,0
2022-06-27T18:46:00Z,18.4,2.33,2.27,2.3,0.39,0.41,0.4,,,,,183360.0,0
2022-07-05T19:07:00Z,21.5,2.55,2.6,2.58,0.44,0.43,0.44,,,,,236553.0,0
2022-07-11T19:25:00Z,20.6,4.89,5.02,4.95,0.8,0.7,0.75,,,,,474984.0,0
2022-07-18T19:05:00Z,19.1,1.93,2.01,1.97,0.4,0.39,0.4,,,,,269095.0,0
2022-07-25T19:07:00Z,22.1,4.41,4.28,4.34,0.51,0.54,0.52,,,,,625176.0,0
2022-08-01T19:00:00Z,23.5,1.29,1.28,1.29,0.3,0.35,0.32,,,,,343566.0,0
2022-08-08T19:08:00Z,19.7,1.94,2.03,1.98,0.4,0.49,0.44,,,,,230921.0,0
2022-08-15T18:58:00Z,23.7,1.25,1.26,1.25,0.25,0.27,0.26,,,,,429300.0,0
2022-08-22T18:47:00Z,22.3,1.56,1.54,1.55,0.38,0.44,0.41,,,,,606402.0,0
2022-08-29T18:51:00Z,23.6,0.95,0.94,0.95,0.19,0.2,0.19,,,,,530680.0,0
2022-09-06T18:55:00Z,24.8,1.12,1.13,1.12,0.23,0.21,0.22,,,,,504397.0,0
2022-09-12T19:07:00Z,21.6,1.23,1.29,1.26,0.27,0.25,0.26,,,,,85110.0,0
2022-09-19T19:01:00Z,21.5,0.91,0.89,0.9,0.25,0.24,0.25,,,,,151444.0,0
2022-09-26T19:01:00Z,21.7,13.24,13.43,13.33,1.86,1.86,1.86,,,,,484996.0,1
2022-10-03T19:02:00Z,19.8,6.83,6.86,6.84,0.58,0.56,0.57,,,,,239056.0,1
2022-10-10T18:53:00Z,20.3,10.8,10.8,10.8,1.11,1.14,1.12,,,,,456209.0,1
2022-10-17T19:01:00Z,20.2,14.0,14.06,14.03,1.83,2.69,2.26,,,,,657092.0,1
2022-10-24T18:43:00Z,20.4,1.22,1.25,1.24,0.25,0.23,0.24,,,,,93870.0,0
2022-10-31T17:43:00Z,19.8,2.34,2.33,2.34,0.63,0.6,0.62,,,,,280985.0,0
